latitude,longitude,brightness,scan,track,acq_date,acq_time,satellite,instrument,confidence,version,bright_t31,frp,daynight,type
59.2894,-112.1053,306.8,1.2,1.1,2019-05-20,0523,Terra,MODIS,69,6.3,278.1,14.4,N,0
59.2802,-112.1139,309.9,1,1,2019-05-20,1851,Terra,MODIS,42,6.3,297.6,5.6,D,0
59.2865,-112.0921,321,1,1,2019-05-20,1851,Terra,MODIS,77,6.3,303.7,15.6,D,0
59.2889,-112.1092,326.3,1,1,2019-05-20,1851,Terra,MODIS,82,6.3,300,21.1,D,0
59.2777,-112.0968,325.4,1,1,2019-05-20,1851,Terra,MODIS,81,6.3,299,19.7,D,0
59.2966,-112.0991,354.5,1,1,2019-05-20,1851,Terra,MODIS,97,6.3,303.3,67.6,D,0
59.2782,-112.1011,307.2,2.8,1.6,2019-05-20,1903,Aqua,MODIS,34,6.3,296.6,21.2,D,0
59.2907,-112.1154,312.8,2.8,1.6,2019-05-20,1903,Aqua,MODIS,67,6.3,294.9,40,D,0
59.2799,-112.1111,312.8,2.8,1.6,2019-05-20,1903,Aqua,MODIS,71,6.3,296.4,40,D,0
59.2918,-112.1138,387.7,1.5,1.2,2019-05-20,2041,Aqua,MODIS,100,6.3,307.5,333.1,D,0
59.2939,-112.0874,325.9,1.5,1.2,2019-05-20,2041,Aqua,MODIS,82,6.3,302.7,33.2,D,0
59.2809,-112.1105,375.1,1.5,1.2,2019-05-20,2041,Aqua,MODIS,100,6.3,307,236.5,D,0
59.283,-112.084,326.3,1.5,1.2,2019-05-20,2041,Aqua,MODIS,82,6.3,303.7,34.5,D,0
59.287,-112.1104,303.8,1.5,1.2,2019-05-21,0428,Terra,MODIS,53,6.3,278.5,15.5,N,0
59.297,-112.119,301.5,1.5,1.2,2019-05-21,0428,Terra,MODIS,32,6.3,279.9,13.1,N,0
59.3142,-112.1382,325.3,2.7,1.6,2019-05-21,1756,Terra,MODIS,78,6.3,292.4,80,D,0
59.317,-112.1303,323.2,2.7,1.6,2019-05-21,1756,Terra,MODIS,69,6.3,291.8,69,D,0
59.3028,-112.132,324.1,2.7,1.6,2019-05-21,1756,Terra,MODIS,65,6.3,294.1,70.6,D,0
59.3013,-112.0844,331.6,2.7,1.6,2019-05-21,1756,Terra,MODIS,76,6.3,297,107.1,D,0
59.3125,-112.0908,348.4,2.7,1.6,2019-05-21,1756,Terra,MODIS,83,6.3,295.6,227.9,D,0
59.2983,-112.0924,316,2.7,1.6,2019-05-21,1756,Terra,MODIS,74,6.3,297,42.2,D,0
59.2868,-112.1042,328.7,1.7,1.3,2019-05-21,1934,Terra,MODIS,78,6.3,290.5,49.5,D,0
59.3035,-112.1216,321.1,1.7,1.3,2019-05-21,1934,Terra,MODIS,71,6.3,287.9,32.2,D,0
59.3139,-112.1122,325,1.7,1.3,2019-05-21,1934,Terra,MODIS,53,6.3,288.6,38.8,D,0
59.309,-112.1069,339.3,1.2,1.1,2019-05-21,1946,Aqua,MODIS,91,6.3,291.3,50.4,D,0
59.2998,-112.1,331,1.2,1.1,2019-05-21,1946,Aqua,MODIS,86,6.3,292.6,33.7,D,0
59.2959,-112.1199,327.1,1.2,1.1,2019-05-21,1946,Aqua,MODIS,83,6.3,291.3,27.9,D,0
59.2867,-112.113,342,1.2,1.1,2019-05-21,1946,Aqua,MODIS,92,6.3,294.9,56.6,D,0
59.3052,-112.1268,325.7,1.2,1.1,2019-05-21,1946,Aqua,MODIS,82,6.3,290.4,26.4,D,0
59.2923,-112.2164,376,4.6,2,2019-05-22,0334,Terra,MODIS,100,6.3,278.5,1247.2,N,0
59.3061,-112.2427,336.9,4.6,2,2019-05-22,0334,Terra,MODIS,100,6.3,272,370.4,N,0
59.3059,-112.2464,325.9,4.6,2,2019-05-22,0334,Terra,MODIS,100,6.3,271.6,237.4,N,0
59.3015,-112.1368,311.3,4.5,2,2019-05-22,0334,Terra,MODIS,62,6.3,273.1,117.1,N,0
59.3018,-112.1306,306.9,4.5,2,2019-05-22,0334,Terra,MODIS,46,6.3,273,93.5,N,0
59.3159,-112.1571,361.8,4.5,2,2019-05-22,0334,Terra,MODIS,100,6.3,277.6,829.5,N,0
59.2918,-112.2223,377,4.6,2,2019-05-22,0334,Terra,MODIS,100,6.3,278.1,1288.9,N,0
59.3161,-112.1509,357.6,4.5,2,2019-05-22,0334,Terra,MODIS,100,6.3,277.3,720.9,N,0
59.3005,-112.2383,345.2,1,1,2019-05-22,0511,Terra,MODIS,100,6.3,279.4,56.4,N,0
59.3117,-112.2251,307.7,1,1,2019-05-22,0511,Terra,MODIS,36,6.3,275.5,10.4,N,0
59.3094,-112.2427,312.8,1,1,2019-05-22,0511,Terra,MODIS,86,6.3,274.8,14.8,N,0
59.3071,-112.2604,305.8,1,1,2019-05-22,0511,Terra,MODIS,33,6.3,273.3,9.7,N,0
59.3074,-112.1852,327.8,1,1,2019-05-22,0511,Terra,MODIS,86,6.3,280.2,27.7,N,0
59.2875,-112.1187,302.1,1,1,2019-05-22,0511,Terra,MODIS,33,6.3,274.9,7.8,N,0
59.2964,-112.1232,315.3,1,1,2019-05-22,0511,Terra,MODIS,38,6.3,277.3,15.8,N,0
59.2941,-112.1409,321.2,1,1,2019-05-22,0511,Terra,MODIS,71,6.3,277,21.1,N,0
59.2896,-112.1763,300.2,1,1,2019-05-22,0511,Terra,MODIS,21,6.3,275.1,6.7,N,0
59.3053,-112.1276,311.1,1,1,2019-05-22,0511,Terra,MODIS,27,6.3,277.5,12.4,N,0
59.303,-112.1454,327.6,1,1,2019-05-22,0511,Terra,MODIS,92,6.3,277.9,27.7,N,0
59.3008,-112.1631,384.3,1,1,2019-05-22,0511,Terra,MODIS,100,6.3,286.2,179.5,N,0
59.2985,-112.1808,428.1,1,1,2019-05-22,0511,Terra,MODIS,100,6.3,298.4,487.8,N,0
59.2962,-112.1984,378.1,1,1,2019-05-22,0511,Terra,MODIS,100,6.3,288.9,152.4,N,0
59.2939,-112.2161,377.5,1,1,2019-05-22,0511,Terra,MODIS,100,6.3,287.4,150,N,0
59.3142,-112.1321,301.2,1,1,2019-05-22,0511,Terra,MODIS,20,6.3,275.3,6.7,N,0
59.3119,-112.1498,322.5,1,1,2019-05-22,0511,Terra,MODIS,100,6.3,276.9,22.8,N,0
59.3097,-112.1675,338,1,1,2019-05-22,0511,Terra,MODIS,100,6.3,280,42.9,N,0
59.3051,-112.2029,367.7,1,1,2019-05-22,0511,Terra,MODIS,100,6.3,286.1,114.1,N,0
59.3028,-112.2206,410.9,1,1,2019-05-22,0511,Terra,MODIS,100,6.3,292.3,339.2,N,0
59.2945,-112.1843,335.2,1.1,1.1,2019-05-22,1839,Terra,MODIS,89,6.3,283.8,35.6,D,0
59.2923,-112.1652,328.5,1.1,1,2019-05-22,1839,Terra,MODIS,84,6.3,281.9,24.6,D,0
59.2812,-112.1699,300.5,4,1.9,2019-05-22,2016,Terra,MODIS,16,6.3,280.6,34.9,D,0
59.2887,-112.2177,323,1.2,1.1,2019-05-22,2029,Aqua,MODIS,79,6.3,285.4,24.1,D,0
59.2931,-112.1764,328.3,1.2,1.1,2019-05-22,2029,Aqua,MODIS,38,6.3,290.7,28.8,D,0
59.2909,-112.1971,363.1,1.2,1.1,2019-05-22,2029,Aqua,MODIS,100,6.3,291.9,118.2,D,0
59.3071,-112.1389,326.8,1.2,1.1,2019-05-22,2029,Aqua,MODIS,85,6.3,289.4,28.5,D,0
59.3049,-112.1596,319.3,1.2,1.1,2019-05-22,2029,Aqua,MODIS,56,6.3,290.8,18,D,0
59.2968,-112.2089,307.5,3.6,1.8,2019-05-23,1743,Terra,MODIS,51,6.3,290.1,45.6,D,0
59.2974,-112.2735,308,3.6,1.8,2019-05-23,1743,Terra,MODIS,54,6.3,287.7,49,D,0
59.305,-112.2679,318.6,3.6,1.8,2019-05-23,1743,Terra,MODIS,70,6.3,288.2,105.1,D,0
59.3044,-112.2618,345.6,1.3,1.1,2019-05-23,1922,Terra,MODIS,94,6.3,292.6,76.5,D,0
59.2999,-112.2404,328.2,1.3,1.1,2019-05-23,1922,Terra,MODIS,85,6.3,293.5,35.5,D,0
59.2934,-112.2525,304.4,1.3,1.1,2019-05-23,1922,Terra,MODIS,19,6.3,291.5,6,D,0
59.3151,-112.1534,326.9,1.3,1.1,2019-05-23,1922,Terra,MODIS,69,6.3,293.1,30,D,0
59.3106,-112.1318,322.7,1.3,1.1,2019-05-23,1922,Terra,MODIS,47,6.3,296,22.5,D,0
59.2946,-112.2729,314.6,1.5,1.2,2019-05-23,1934,Aqua,MODIS,70,6.3,290.8,20.5,D,0
59.3001,-112.2484,330.4,1.5,1.2,2019-05-23,1934,Aqua,MODIS,87,6.3,293.7,49.5,D,0
59.291,-112.1824,332.7,1.5,1.2,2019-05-23,1934,Aqua,MODIS,82,6.3,295.8,49.3,D,0
59.2892,-112.1735,331.8,1.5,1.2,2019-05-23,1934,Aqua,MODIS,67,6.3,295.2,46.5,D,0
59.3119,-112.1423,320.3,1.5,1.2,2019-05-23,1934,Aqua,MODIS,73,6.3,292,25.7,D,0
59.3065,-112.1667,318.9,1.5,1.2,2019-05-23,1934,Aqua,MODIS,53,6.3,294.6,23.3,D,0
59.293,-112.2346,315,3,1.7,2019-05-23,2112,Aqua,MODIS,50,6.3,290.3,57.3,D,0
59.3038,-112.2531,308.1,1,1,2019-05-24,0459,Terra,MODIS,43,6.3,277.1,11.9,N,0
59.3125,-112.2584,322.4,1,1,2019-05-24,0459,Terra,MODIS,99,6.3,277.5,23.9,N,0
59.2951,-112.2479,301.9,1,1,2019-05-24,0459,Terra,MODIS,8,6.3,275.1,8,N,0
59.2997,-112.1574,300.1,1,1,2019-05-24,0459,Terra,MODIS,8,6.3,273.7,7.2,N,0
59.3136,-112.1285,304.3,1,1,2019-05-24,0459,Terra,MODIS,59,6.3,278.4,10,N,0
59.311,-112.1456,319.2,1,1,2019-05-24,0459,Terra,MODIS,98,6.3,279.5,20.8,N,0
59.3084,-112.1626,320.5,1,1,2019-05-24,0459,Terra,MODIS,100,6.3,276.6,21.5,N,0
59.3197,-112.1508,347.4,1,1,2019-05-24,0459,Terra,MODIS,100,6.3,281.6,60.9,N,0
59.317,-112.1678,332.7,1,1,2019-05-24,0459,Terra,MODIS,100,6.3,279.3,36,N,0
59.3183,-112.1394,325.9,1.4,1.2,2019-05-24,1826,Terra,MODIS,44,6.3,293.6,27.9,D,0
59.2962,-112.2447,318.1,1.4,1.2,2019-05-24,1826,Terra,MODIS,13,6.3,293.1,17.7,D,0
59.2874,-112.1501,369.5,1.4,1.2,2019-05-24,1826,Terra,MODIS,100,6.3,292.7,170.4,D,0
59.2831,-112.1485,334.8,4.5,2,2019-05-24,1839,Aqua,MODIS,82,6.3,289.6,309.2,D,0
59.2967,-112.178,306.5,4.5,2,2019-05-24,1839,Aqua,MODIS,45,6.3,289.8,58.5,D,0
59.2823,-112.1577,340.4,4.5,2,2019-05-24,1839,Aqua,MODIS,80,6.3,289.8,384.8,D,0
59.2591,-112.2138,314.3,4.6,2,2019-05-24,1839,Aqua,MODIS,61,6.3,288.5,110.7,D,0
59.2944,-112.2795,365.6,3.1,1.7,2019-05-24,2004,Terra,MODIS,100,6.3,293.6,513.8,D,0
59.3299,-112.1675,310.1,3.1,1.7,2019-05-24,2004,Terra,MODIS,31,6.3,291.1,38.3,D,0
59.3152,-112.1206,328.3,3.1,1.7,2019-05-24,2004,Terra,MODIS,86,6.3,291.1,129.7,D,0
59.3187,-112.2452,342.2,3.1,1.7,2019-05-24,2004,Terra,MODIS,93,6.3,293.3,224.8,D,0
59.3041,-112.1985,354.6,3.1,1.7,2019-05-24,2004,Terra,MODIS,98,6.3,295.9,360,D,0
59.2894,-112.1516,331.3,3.1,1.7,2019-05-24,2004,Terra,MODIS,69,6.3,292.4,142.9,D,0
59.293,-112.276,375.7,3.1,1.7,2019-05-24,2004,Terra,MODIS,100,6.3,293.8,696.1,D,0
59.2783,-112.2294,358.8,3.1,1.7,2019-05-24,2004,Terra,MODIS,99,6.3,290.9,424.5,D,0
59.3201,-112.2486,336.1,3.1,1.7,2019-05-24,2004,Terra,MODIS,61,6.3,292.9,168.1,D,0
59.3056,-112.2017,350.9,3.1,1.7,2019-05-24,2004,Terra,MODIS,96,6.3,295.9,315.9,D,0
59.2911,-112.1546,323.6,3.1,1.7,2019-05-24,2004,Terra,MODIS,25,6.3,292.9,95.7,D,0
59.2799,-112.2327,360.1,3.1,1.7,2019-05-24,2004,Terra,MODIS,100,6.3,291.3,435.9,D,0
59.2754,-112.1508,323.4,1,1,2019-05-24,2017,Aqua,MODIS,70,6.3,291.2,18.2,D,0
59.2866,-112.1375,328.2,1,1,2019-05-24,2017,Aqua,MODIS,49,6.3,290.9,20.8,D,0
59.2843,-112.1552,482,1,1,2019-05-24,2017,Aqua,MODIS,100,6.3,328.4,1273,D,0
59.282,-112.1729,393.2,1,1,2019-05-24,2017,Aqua,MODIS,100,6.3,304,216.5,D,0
59.2937,-112.1481,322.4,1,1,2019-05-24,2017,Aqua,MODIS,19,6.3,294.4,14.5,D,0
59.2915,-112.1658,338.5,1,1,2019-05-24,2017,Aqua,MODIS,80,6.3,301.6,35.9,D,0
59.2846,-112.2188,333.2,1,1,2019-05-24,2017,Aqua,MODIS,39,6.3,291.4,25.8,D,0
59.28,-112.2542,351.9,1,1,2019-05-24,2017,Aqua,MODIS,96,6.3,294.6,62.7,D,0
59.2777,-112.2718,326.1,1,1,2019-05-24,2017,Aqua,MODIS,56,6.3,295.2,19.9,D,0
59.2889,-112.2586,395,1,1,2019-05-24,2017,Aqua,MODIS,100,6.3,305.5,227.3,D,0
59.2866,-112.2762,351.4,1,1,2019-05-24,2017,Aqua,MODIS,96,6.3,299.6,62.2,D,0
59.3161,-112.1215,334,1,1,2019-05-24,2017,Aqua,MODIS,88,6.3,297.7,29.9,D,0
59.3138,-112.1393,379.2,1,1,2019-05-24,2017,Aqua,MODIS,100,6.3,303.2,150.9,D,0
59.3115,-112.157,370.3,1,1,2019-05-24,2017,Aqua,MODIS,100,6.3,302.5,115.9,D,0
59.3092,-112.1747,343.8,1,1,2019-05-24,2017,Aqua,MODIS,93,6.3,302.4,45.1,D,0
59.3047,-112.2101,361.6,1,1,2019-05-24,2017,Aqua,MODIS,100,6.3,298,86,D,0
59.3024,-112.2278,368.1,1,1,2019-05-24,2017,Aqua,MODIS,100,6.3,303.2,105.4,D,0
59.1983,-112.286,346.8,2.5,1.5,2019-05-25,0404,Terra,MODIS,100,6.3,284.2,230,N,0
59.2093,-112.247,342.6,2.5,1.5,2019-05-25,0404,Terra,MODIS,100,6.3,283,197.5,N,0
59.2214,-112.2601,314.2,2.5,1.5,2019-05-25,0404,Terra,MODIS,75,6.3,281.4,58.4,N,0
59.2104,-112.2993,303,2.5,1.5,2019-05-25,0404,Terra,MODIS,34,6.3,280.8,30.2,N,0
59.2027,-112.2442,310.7,2.5,1.5,2019-05-25,0404,Terra,MODIS,72,6.3,281.8,49.5,N,0
59.1915,-112.2831,326.6,2.5,1.5,2019-05-25,0404,Terra,MODIS,100,6.3,283,107.8,N,0
59.2148,-112.2574,342.8,2.5,1.5,2019-05-25,0404,Terra,MODIS,100,6.3,283.4,195.9,N,0
59.2037,-112.2963,328.5,2.5,1.5,2019-05-25,0404,Terra,MODIS,100,6.3,281.8,115.2,N,0
59.2269,-112.2705,305.6,2.5,1.5,2019-05-25,0404,Terra,MODIS,25,6.3,280.1,35.8,N,0
59.2238,-112.2586,312.9,1.7,1.3,2019-05-25,0542,Terra,MODIS,20,6.3,278.4,30.4,N,0
59.1906,-112.273,331.6,1.7,1.3,2019-05-25,0542,Terra,MODIS,100,6.3,281.5,74.5,N,0
59.202,-112.2761,314.4,1.7,1.3,2019-05-25,0542,Terra,MODIS,32,6.3,280.1,33.3,N,0
59.2135,-112.2792,326.1,1.7,1.3,2019-05-25,0542,Terra,MODIS,74,6.3,279.6,57.3,N,0
59.2103,-112.285,317.9,1.7,1.3,2019-05-25,0542,Terra,MODIS,50,6.3,278.8,39.6,N,0
59.2177,-112.2556,321.3,1.1,1.1,2019-05-25,0944,Aqua,MODIS,44,6.3,274.2,25.8,N,0
59.2037,-112.2672,300,1.1,1.1,2019-05-25,0944,Aqua,MODIS,2,6.3,274.1,9.4,N,0
59.3253,-112.1406,301.1,1.1,1,2019-05-25,0944,Aqua,MODIS,38,6.3,271.4,10.9,N,0
59.213,-112.2631,325.1,1.1,1.1,2019-05-25,0944,Aqua,MODIS,100,6.3,275.2,32.2,N,0
59.2152,-112.2822,301.4,1.1,1.1,2019-05-25,0944,Aqua,MODIS,10,6.3,272.3,9.9,N,0
59.3202,-112.152,321.8,4.8,2,2019-05-25,1731,Terra,MODIS,65,6.3,285.2,190.4,D,0
59.3177,-112.1466,321.7,4.8,2,2019-05-25,1731,Terra,MODIS,65,6.3,285.7,188.1,D,0
59.2109,-112.2449,360.5,1.1,1,2019-05-25,1909,Terra,MODIS,93,6.3,288.7,95.4,D,0
59.2052,-112.2692,332.9,1.1,1,2019-05-25,1909,Terra,MODIS,47,6.3,287.5,33.8,D,0
59.2019,-112.251,329.1,1.1,1,2019-05-25,1909,Terra,MODIS,31,6.3,283,28.4,D,0
59.2766,-112.1325,366.7,1.1,1,2019-05-25,1909,Terra,MODIS,100,6.3,290.3,116.8,D,0
59.3221,-112.1628,319.2,1.1,1,2019-05-25,1909,Terra,MODIS,40,6.3,292.1,15.1,D,0
59.3188,-112.1446,324.2,1.1,1,2019-05-25,1909,Terra,MODIS,71,6.3,292.3,21.7,D,0
59.3132,-112.169,344.6,1.1,1,2019-05-25,1909,Terra,MODIS,92,6.3,294.9,52.9,D,0
59.3086,-112.2542,319.5,1.1,1,2019-05-25,1909,Terra,MODIS,48,6.3,291.2,15.7,D,0
59.2987,-112.1995,327.4,1.1,1,2019-05-25,1909,Terra,MODIS,76,6.3,296,23.5,D,0
59.2875,-112.2482,336.8,1.1,1,2019-05-25,1909,Terra,MODIS,90,6.3,292.4,37.5,D,0
59.2842,-112.23,372.2,1.1,1,2019-05-25,1909,Terra,MODIS,100,6.3,294.5,134.1,D,0
59.2753,-112.2361,337.3,1.1,1,2019-05-25,1909,Terra,MODIS,90,6.3,288.1,38.8,D,0
59.2653,-112.1813,318.9,1.1,1,2019-05-25,1909,Terra,MODIS,47,6.3,289.9,15.6,D,0
59.2385,-112.2874,357.2,1.1,1,2019-05-25,1909,Terra,MODIS,99,6.3,290.8,86.1,D,0
59.2141,-112.2631,367.7,1.1,1,2019-05-25,1909,Terra,MODIS,100,6.3,292.1,119.5,D,0
59.2039,-112.2366,357.9,2,1.4,2019-05-25,1922,Aqua,MODIS,99,6.3,286.5,214.3,D,0
59.1961,-112.2674,378.7,2,1.4,2019-05-25,1922,Aqua,MODIS,100,6.3,289.1,396.5,D,0
59.2149,-112.2473,334,2,1.4,2019-05-25,1922,Aqua,MODIS,81,6.3,287.1,83.3,D,0
59.2071,-112.2782,344.2,2,1.4,2019-05-25,1922,Aqua,MODIS,94,6.3,289.2,131.1,D,0
59.2602,-112.1764,327.4,1.9,1.4,2019-05-25,1922,Aqua,MODIS,80,6.3,286.6,64.3,D,0
59.2525,-112.2071,317.8,1.9,1.4,2019-05-25,1922,Aqua,MODIS,60,6.3,286.3,35.4,D,0
59.2745,-112.2285,351.3,1.9,1.4,2019-05-25,1922,Aqua,MODIS,96,6.3,289.1,153,D,0
59.2668,-112.2593,333.7,1.9,1.4,2019-05-25,1922,Aqua,MODIS,41,6.3,293.5,74.2,D,0
59.2632,-112.1871,325.3,1.9,1.4,2019-05-25,1922,Aqua,MODIS,26,6.3,288.2,47.3,D,0
59.2774,-112.239,355.7,1.9,1.4,2019-05-25,1922,Aqua,MODIS,98,6.3,289.7,184.6,D,0
59.3116,-112.1581,324.5,1.9,1.4,2019-05-25,1922,Aqua,MODIS,74,6.3,289.1,49.8,D,0
59.1947,-112.2783,362.6,2.3,1.5,2019-05-25,2100,Aqua,MODIS,100,6.3,289.8,304.2,D,0
59.1928,-112.3179,350.7,2.2,1.5,2019-05-25,2100,Aqua,MODIS,96,6.3,291.8,204.5,D,0
59.2097,-112.2409,334.2,2.3,1.5,2019-05-25,2100,Aqua,MODIS,87,6.3,287.6,105.5,D,0
59.2078,-112.2806,340.7,2.3,1.5,2019-05-25,2100,Aqua,MODIS,92,6.3,292.9,138.6,D,0
59.2228,-112.2432,346.8,2.3,1.5,2019-05-25,2100,Aqua,MODIS,82,6.3,291.4,167.2,D,0
59.2209,-112.283,336.3,2.3,1.5,2019-05-25,2100,Aqua,MODIS,50,6.3,294.2,107.6,D,0
59.2359,-112.2454,371.5,2.3,1.5,2019-05-25,2100,Aqua,MODIS,100,6.3,298.6,383.3,D,0
59.2448,-112.2512,359.5,2.3,1.5,2019-05-25,2100,Aqua,MODIS,90,6.3,300,263.1,D,0
59.2729,-112.2158,364.4,2.3,1.5,2019-05-25,2100,Aqua,MODIS,100,6.3,288.5,303.1,D,0
59.2711,-112.2558,372.8,2.3,1.5,2019-05-25,2100,Aqua,MODIS,100,6.3,302.7,394.2,D,0
59.3142,-112.1825,339.9,2.3,1.5,2019-05-25,2100,Aqua,MODIS,92,6.3,293.1,129.2,D,0
59.3105,-112.2626,334.1,2.3,1.5,2019-05-25,2100,Aqua,MODIS,83,6.3,292.7,99.5,D,0
59.252,-112.2964,309.8,1.1,1.1,2019-05-26,0447,Terra,MODIS,68,6.3,277.4,15.2,N,0
59.1959,-112.215,307,1.1,1.1,2019-05-26,0447,Terra,MODIS,26,6.3,278.2,12.5,N,0
59.1856,-112.2708,306.2,1.1,1.1,2019-05-26,0447,Terra,MODIS,21,6.3,277.9,11.4,N,0
59.2036,-112.2834,319.4,1.1,1.1,2019-05-26,0447,Terra,MODIS,74,6.3,278.7,23.1,N,0
59.2002,-112.3021,328.9,1.1,1.1,2019-05-26,0447,Terra,MODIS,100,6.3,279,36.2,N,0
59.2126,-112.2898,321.9,1.1,1.1,2019-05-26,0447,Terra,MODIS,100,6.3,277.8,27.3,N,0
59.2092,-112.3084,318.8,1.1,1.1,2019-05-26,0447,Terra,MODIS,97,6.3,278.6,24,N,0
59.2543,-112.1721,304,1.1,1.1,2019-05-26,0447,Terra,MODIS,48,6.3,274.1,11.7,N,0
59.243,-112.2901,401.5,1.1,1.1,2019-05-26,0447,Terra,MODIS,100,6.3,295.2,313,N,0
59.2396,-112.3087,327.5,1.1,1.1,2019-05-26,0447,Terra,MODIS,96,6.3,278.9,33.4,N,0
59.2745,-112.2281,302.2,1.1,1.1,2019-05-26,0447,Terra,MODIS,19,6.3,276.3,9.4,N,0
59.278,-112.2361,307.8,1.1,1.1,2019-05-26,0447,Terra,MODIS,73,6.3,277.7,14.9,N,0
59.3251,-112.1436,383.4,1.1,1.1,2019-05-26,0447,Terra,MODIS,100,6.3,287.2,199.6,N,0
59.3217,-112.1622,459.2,1.1,1.1,2019-05-26,0447,Terra,MODIS,100,6.3,312.4,981.5,N,0
59.3184,-112.1807,388.4,1.1,1.1,2019-05-26,0447,Terra,MODIS,100,6.3,287.5,226.2,N,0
59.315,-112.1993,335.8,1.1,1.1,2019-05-26,0447,Terra,MODIS,100,6.3,278.4,47,N,0
59.3116,-112.2178,304.6,1.1,1.1,2019-05-26,0447,Terra,MODIS,39,6.3,274.6,10.9,N,0
59.3307,-112.1684,319.6,1.1,1.1,2019-05-26,0447,Terra,MODIS,99,6.3,277.9,24.4,N,0
59.3138,-112.2613,317.1,1.1,1.1,2019-05-26,0447,Terra,MODIS,94,6.3,275.3,22.7,N,0
59.3304,-112.2071,354.4,4.6,2,2019-05-26,0625,Terra,MODIS,100,6.3,278.5,707.4,N,0
59.3474,-112.1224,364,4.7,2,2019-05-26,0625,Terra,MODIS,100,6.3,277.7,948.2,N,0
59.3483,-112.2061,362.1,4.6,2,2019-05-26,0625,Terra,MODIS,100,6.3,277,888,N,0
59.3278,-112.1321,356.2,4.7,2,2019-05-26,0625,Terra,MODIS,100,6.3,281.7,757.2,N,0
59.3289,-112.2154,331.2,4.6,2,2019-05-26,0625,Terra,MODIS,100,6.3,276.5,326,N,0
59.3457,-112.131,376.5,4.7,2,2019-05-26,0625,Terra,MODIS,100,6.3,279.8,1339.6,N,0
59.3469,-112.2145,358.4,4.6,2,2019-05-26,0625,Terra,MODIS,100,6.3,276.8,798.9,N,0
59.358,-112.1292,305.6,3.6,1.8,2019-05-26,0849,Aqua,MODIS,65,6.3,276.3,75,N,0
59.3419,-112.1296,334.8,3.6,1.8,2019-05-26,0849,Aqua,MODIS,100,6.3,277.5,256.2,N,0
59.3514,-112.1383,335,3.6,1.8,2019-05-26,0849,Aqua,MODIS,100,6.3,278.1,259.1,N,0
59.3353,-112.1386,309.5,3.6,1.8,2019-05-26,0849,Aqua,MODIS,77,6.3,275.7,92.5,N,0
59.3425,-112.1505,369.3,1.3,1.1,2019-05-26,1027,Aqua,MODIS,100,6.3,281.9,177.3,N,0
59.3284,-112.1365,312.5,1.3,1.1,2019-05-26,1027,Aqua,MODIS,74,6.3,276.7,23.1,N,0
59.338,-112.1289,330.9,1.3,1.1,2019-05-26,1027,Aqua,MODIS,100,6.3,277.6,50.7,N,0
59.3475,-112.1213,321.6,1.3,1.1,2019-05-26,1027,Aqua,MODIS,98,6.3,276.2,34.5,N,0
59.352,-112.1429,374.7,1.3,1.1,2019-05-26,1027,Aqua,MODIS,100,6.3,282.7,205.4,N,0
59.3274,-112.171,455.1,1.8,1.3,2019-05-26,1814,Terra,MODIS,100,6.3,303.6,1753,D,0
59.3253,-112.1401,345.5,1.8,1.3,2019-05-26,1814,Terra,MODIS,73,6.3,283.3,105.2,D,0
59.3221,-112.267,385.5,1.8,1.3,2019-05-26,1814,Terra,MODIS,100,6.3,301,385.6,D,0
59.32,-112.2359,446.6,1.8,1.3,2019-05-26,1814,Terra,MODIS,100,6.3,316,1508,D,0
59.3179,-112.2049,500,1.8,1.3,2019-05-26,1814,Terra,MODIS,100,6.3,326.8,3643.7,D,0
59.3158,-112.174,405.1,1.8,1.3,2019-05-26,1814,Terra,MODIS,100,6.3,295.6,620,D,0
59.3104,-112.27,404.7,1.8,1.3,2019-05-26,1814,Terra,MODIS,100,6.3,304.5,631.4,D,0
59.3083,-112.2388,392.3,1.8,1.3,2019-05-26,1814,Terra,MODIS,100,6.3,301.3,456.9,D,0
59.3062,-112.2078,344.4,1.8,1.3,2019-05-26,1814,Terra,MODIS,59,6.3,293.2,85.9,D,0
59.2828,-112.2137,342.3,1.8,1.3,2019-05-26,1814,Terra,MODIS,56,6.3,287.3,79.9,D,0
59.2635,-112.2816,348,1.8,1.3,2019-05-26,1814,Terra,MODIS,91,6.3,297.3,117.9,D,0
59.2574,-112.1887,354.7,1.8,1.3,2019-05-26,1814,Terra,MODIS,98,6.3,289,142.6,D,0
59.2569,-112.2893,419.9,1.8,1.3,2019-05-26,1814,Terra,MODIS,100,6.3,310.9,896.1,D,0
59.2548,-112.2582,380.9,1.8,1.3,2019-05-26,1814,Terra,MODIS,100,6.3,301.2,342,D,0
59.2505,-112.1964,354.6,1.8,1.3,2019-05-26,1814,Terra,MODIS,94,6.3,290.4,143.8,D,0
59.2452,-112.2922,358.8,1.8,1.3,2019-05-26,1814,Terra,MODIS,99,6.3,299.4,176.2,D,0
59.2271,-112.2023,377.6,1.8,1.3,2019-05-26,1814,Terra,MODIS,100,6.3,298.9,303.8,D,0
59.225,-112.1715,363.1,1.8,1.3,2019-05-26,1814,Terra,MODIS,100,6.3,288.4,194.2,D,0
59.2154,-112.2052,461.6,1.8,1.3,2019-05-26,1814,Terra,MODIS,100,6.3,321.6,1968.4,D,0
59.2133,-112.1744,462.3,1.8,1.3,2019-05-26,1814,Terra,MODIS,100,6.3,316.4,1987.4,D,0
59.2091,-112.1132,316.9,1.7,1.3,2019-05-26,1814,Terra,MODIS,30,6.3,285.3,21.5,D,0
59.21,-112.3009,336.8,1.8,1.3,2019-05-26,1814,Terra,MODIS,89,6.3,298.3,74.1,D,0
59.2038,-112.2081,385.1,1.8,1.3,2019-05-26,1814,Terra,MODIS,100,6.3,304.3,378.4,D,0
59.2017,-112.1773,378.9,1.8,1.3,2019-05-26,1814,Terra,MODIS,100,6.3,300.8,318.7,D,0
59.1824,-112.2448,338.1,1.8,1.3,2019-05-26,1814,Terra,MODIS,90,6.3,297.9,78.8,D,0
59.3435,-112.2301,324,1.8,1.3,2019-05-26,1814,Terra,MODIS,60,6.3,284.9,34,D,0
59.3486,-112.1344,342.9,1.8,1.3,2019-05-26,1814,Terra,MODIS,88,6.3,283.3,99.8,D,0
59.3413,-112.1991,351.6,1.8,1.3,2019-05-26,1814,Terra,MODIS,96,6.3,279,134.4,D,0
59.3435,-112.1285,345,1.8,1.3,2019-05-26,1814,Terra,MODIS,85,6.3,283.7,108.3,D,0
59.3455,-112.1594,328.3,1.8,1.3,2019-05-26,1814,Terra,MODIS,43,6.3,280.3,46.9,D,0
59.3391,-112.1681,363.9,1.8,1.3,2019-05-26,1814,Terra,MODIS,100,6.3,282,202.8,D,0
59.337,-112.1373,368.2,1.8,1.3,2019-05-26,1814,Terra,MODIS,100,6.3,285.4,238.5,D,0
59.3317,-112.233,373.2,1.8,1.3,2019-05-26,1814,Terra,MODIS,100,6.3,287.8,273.4,D,0
59.3296,-112.202,460.4,1.8,1.3,2019-05-26,1814,Terra,MODIS,100,6.3,306.4,1931.7,D,0
59.223,-112.2775,335.7,2.4,1.5,2019-05-26,1952,Terra,MODIS,58,6.3,293.6,108.9,D,0
59.3605,-112.1616,306.9,2.4,1.5,2019-05-26,1952,Terra,MODIS,41,6.3,285.2,18.2,D,0
59.3499,-112.1242,325.8,2.4,1.5,2019-05-26,1952,Terra,MODIS,72,6.3,285,79.8,D,0
59.3432,-112.1364,336,2.4,1.5,2019-05-26,1952,Terra,MODIS,78,6.3,286.3,122.4,D,0
59.3418,-112.1868,376,2.4,1.5,2019-05-26,1952,Terra,MODIS,100,6.3,294.2,481,D,0
59.3313,-112.1493,354.6,2.4,1.5,2019-05-26,1952,Terra,MODIS,92,6.3,290.9,244.8,D,0
59.3207,-112.1116,338,2.4,1.5,2019-05-26,1952,Terra,MODIS,79,6.3,286.7,131.7,D,0
59.3404,-112.237,357,2.4,1.5,2019-05-26,1952,Terra,MODIS,98,6.3,289.2,268.6,D,0
59.3299,-112.1996,399.3,2.4,1.5,2019-05-26,1952,Terra,MODIS,100,6.3,302.1,876.6,D,0
59.3194,-112.1621,340.4,2.4,1.5,2019-05-26,1952,Terra,MODIS,91,6.3,294.2,133.6,D,0
59.3285,-112.2497,400.4,2.4,1.5,2019-05-26,1952,Terra,MODIS,100,6.3,297.9,908,D,0
59.318,-112.2124,421,2.4,1.5,2019-05-26,1952,Terra,MODIS,100,6.3,310.3,1433.6,D,0
59.3075,-112.1749,342.4,2.4,1.5,2019-05-26,1952,Terra,MODIS,90,6.3,296,147.8,D,0
59.3167,-112.2624,375.9,2.4,1.5,2019-05-26,1952,Terra,MODIS,100,6.3,292.1,473.2,D,0
59.3061,-112.2251,374.3,2.4,1.5,2019-05-26,1952,Terra,MODIS,100,6.3,297.1,439,D,0
59.2743,-112.1124,357.9,2.4,1.5,2019-05-26,1952,Terra,MODIS,97,6.3,293.8,261.7,D,0
59.2636,-112.0746,389.5,2.5,1.5,2019-05-26,1952,Terra,MODIS,100,6.3,294,698.3,D,0
59.3048,-112.2751,334.2,2.4,1.5,2019-05-26,1952,Terra,MODIS,78,6.3,284.6,102.3,D,0
59.2943,-112.2379,355,2.4,1.5,2019-05-26,1952,Terra,MODIS,97,6.3,292.5,228.8,D,0
59.2837,-112.2005,397.4,2.4,1.5,2019-05-26,1952,Terra,MODIS,100,6.3,300.5,819.5,D,0
59.2624,-112.1253,463.1,2.4,1.5,2019-05-26,1952,Terra,MODIS,100,6.3,317.9,3253.4,D,0
59.2516,-112.0875,500,2.5,1.5,2019-05-26,1952,Terra,MODIS,100,6.3,323.3,5915.7,D,0
59.2504,-112.1381,437.7,2.4,1.5,2019-05-26,1952,Terra,MODIS,100,6.3,311.2,2027,D,0
59.2396,-112.1003,389.8,2.5,1.5,2019-05-26,1952,Terra,MODIS,100,6.3,298.3,681.3,D,0
59.322,-112.2637,373.9,2.4,1.5,2019-05-26,1952,Terra,MODIS,100,6.3,293,449,D,0
59.3117,-112.2262,407.4,2.4,1.5,2019-05-26,1952,Terra,MODIS,100,6.3,305.8,1055.9,D,0
59.3101,-112.2765,339.1,2.4,1.5,2019-05-26,1952,Terra,MODIS,91,6.3,285,130.8,D,0
59.2998,-112.239,342.1,2.4,1.5,2019-05-26,1952,Terra,MODIS,86,6.3,291.5,138.4,D,0
59.2894,-112.2014,386.1,2.4,1.5,2019-05-26,1952,Terra,MODIS,100,6.3,299.9,612.5,D,0
59.2789,-112.1637,329.4,2.4,1.5,2019-05-26,1952,Terra,MODIS,56,6.3,293.9,54.9,D,0
59.2683,-112.1259,413.8,2.4,1.5,2019-05-26,1952,Terra,MODIS,100,6.3,304.2,1228.5,D,0
59.2578,-112.0879,500,2.5,1.5,2019-05-26,1952,Terra,MODIS,100,6.3,324.1,5914.5,D,0
59.2471,-112.0498,340.3,2.5,1.5,2019-05-26,1952,Terra,MODIS,57,6.3,288.1,133.3,D,0
59.2879,-112.2518,331.4,2.4,1.5,2019-05-26,1952,Terra,MODIS,68,6.3,288.9,82.9,D,0
59.2775,-112.2143,358.4,2.4,1.5,2019-05-26,1952,Terra,MODIS,99,6.3,296,262.8,D,0
59.2564,-112.1388,441.1,2.4,1.5,2019-05-26,1952,Terra,MODIS,100,6.3,313.8,2181.9,D,0
59.2458,-112.1008,445.5,2.5,1.5,2019-05-26,1952,Terra,MODIS,100,6.3,311.2,2398.4,D,0
59.255,-112.1894,353.7,2.4,1.5,2019-05-26,1952,Terra,MODIS,97,6.3,296.6,223,D,0
59.2445,-112.1516,424.7,2.4,1.5,2019-05-26,1952,Terra,MODIS,100,6.3,309.3,1565.7,D,0
59.2338,-112.1137,370.1,2.5,1.5,2019-05-26,1952,Terra,MODIS,100,6.3,297,396.9,D,0
59.2431,-112.2022,347.8,2.4,1.5,2019-05-26,1952,Terra,MODIS,95,6.3,296.7,166.6,D,0
59.2325,-112.1644,378.8,2.4,1.5,2019-05-26,1952,Terra,MODIS,100,6.3,299.7,509.6,D,0
59.2219,-112.1265,331.3,2.5,1.5,2019-05-26,1952,Terra,MODIS,15,6.3,293.7,81.4,D,0
59.2522,-112.29,331.9,2.4,1.5,2019-05-26,1952,Terra,MODIS,70,6.3,292.4,90.5,D,0
59.2206,-112.1773,357.7,2.4,1.5,2019-05-26,1952,Terra,MODIS,99,6.3,299.2,266.1,D,0
59.2099,-112.1394,328.3,2.5,1.5,2019-05-26,1952,Terra,MODIS,66,6.3,294.1,72.6,D,0
59.2086,-112.1901,350.5,2.4,1.5,2019-05-26,1952,Terra,MODIS,96,6.3,297.3,200.4,D,0
59.1979,-112.1522,328,2.5,1.5,2019-05-26,1952,Terra,MODIS,48,6.3,294.3,71.3,D,0
59.1847,-112.2156,347.7,2.4,1.5,2019-05-26,1952,Terra,MODIS,95,6.3,291.1,186.2,D,0
59.1834,-112.2659,332.7,2.4,1.5,2019-05-26,1952,Terra,MODIS,60,6.3,292.7,93.5,D,0
59.1727,-112.2283,341.7,2.4,1.5,2019-05-26,1952,Terra,MODIS,91,6.3,291.5,146,D,0
59.1902,-112.2148,331.9,2.4,1.5,2019-05-26,1952,Terra,MODIS,64,6.3,290.5,90.8,D,0
59.1887,-112.2653,324.7,2.4,1.5,2019-05-26,1952,Terra,MODIS,69,6.3,293.1,67.3,D,0
59.1782,-112.2276,355.6,2.4,1.5,2019-05-26,1952,Terra,MODIS,98,6.3,292.6,261.6,D,0
59.1812,-112.2155,317.4,1,1,2019-05-26,2004,Aqua,MODIS,32,6.3,298.2,9.1,D,0
59.1785,-112.2325,364.9,1,1,2019-05-26,2004,Aqua,MODIS,100,6.3,304.3,93.9,D,0
59.1759,-112.2495,351.3,1,1,2019-05-26,2004,Aqua,MODIS,96,6.3,305.2,58.9,D,0
59.1732,-112.2665,319.2,1,1,2019-05-26,2004,Aqua,MODIS,59,6.3,299.9,11.3,D,0
59.1952,-112.1867,342.1,1,1,2019-05-26,2004,Aqua,MODIS,92,6.3,301.8,39.8,D,0
59.1925,-112.2037,338.5,1,1,2019-05-26,2004,Aqua,MODIS,90,6.3,300.3,33.1,D,0
59.1899,-112.2207,353.1,1,1,2019-05-26,2004,Aqua,MODIS,97,6.3,301.2,61.3,D,0
59.1872,-112.2377,337,1,1,2019-05-26,2004,Aqua,MODIS,88,6.3,303.1,29.5,D,0
59.1819,-112.2717,344.5,1,1,2019-05-26,2004,Aqua,MODIS,93,6.3,302.5,43.8,D,0
59.1792,-112.2887,332.1,1,1,2019-05-26,2004,Aqua,MODIS,77,6.3,300.2,24.6,D,0
59.2091,-112.1579,393.8,1,1,2019-05-26,2004,Aqua,MODIS,100,6.3,301.1,214.1,D,0
59.2065,-112.1749,402,1,1,2019-05-26,2004,Aqua,MODIS,100,6.3,309.1,260.4,D,0
59.2038,-112.1918,377.7,1,1,2019-05-26,2004,Aqua,MODIS,100,6.3,308.5,136.1,D,0
59.1879,-112.2939,327.2,1,1,2019-05-26,2004,Aqua,MODIS,55,6.3,300.5,17.7,D,0
59.2204,-112.146,368.3,1,1,2019-05-26,2004,Aqua,MODIS,100,6.3,296.8,105.5,D,0
59.2178,-112.163,353,1,1,2019-05-26,2004,Aqua,MODIS,97,6.3,299.1,61.6,D,0
59.2151,-112.18,340.9,1,1,2019-05-26,2004,Aqua,MODIS,92,6.3,300.8,35.2,D,0
59.2125,-112.197,334.8,1,1,2019-05-26,2004,Aqua,MODIS,88,6.3,303.8,24.8,D,0
59.1966,-112.2991,324.4,1,1,2019-05-26,2004,Aqua,MODIS,63,6.3,300.9,15.5,D,0
59.2396,-112.0832,339.2,1,1,2019-05-26,2004,Aqua,MODIS,91,6.3,285.9,36.3,D,0
59.2344,-112.1172,363.4,1,1,2019-05-26,2004,Aqua,MODIS,100,6.3,297.7,90,D,0
59.2317,-112.1342,405.9,1,1,2019-05-26,2004,Aqua,MODIS,100,6.3,311.1,284.7,D,0
59.2291,-112.1512,379.4,1,1,2019-05-26,2004,Aqua,MODIS,100,6.3,309.9,143.9,D,0
59.2265,-112.1682,344.6,1,1,2019-05-26,2004,Aqua,MODIS,93,6.3,304,42.4,D,0
59.2238,-112.1852,357.8,1,1,2019-05-26,2004,Aqua,MODIS,99,6.3,305.9,69,D,0
59.2212,-112.2022,346.9,1,1,2019-05-26,2004,Aqua,MODIS,94,6.3,305.9,44.6,D,0
59.2053,-112.3043,328.8,1,1,2019-05-26,2004,Aqua,MODIS,66,6.3,301.2,20.2,D,0
59.2509,-112.0714,360.6,1,1,2019-05-26,2004,Aqua,MODIS,100,6.3,283.8,79.5,D,0
59.2483,-112.0884,410.1,1,1,2019-05-26,2004,Aqua,MODIS,100,6.3,295.9,311.7,D,0
59.2457,-112.1054,436.1,1,1,2019-05-26,2004,Aqua,MODIS,100,6.3,323.3,541,D,0
59.243,-112.1224,412.4,1,1,2019-05-26,2004,Aqua,MODIS,100,6.3,319.3,329.1,D,0
59.2404,-112.1394,374.3,1,1,2019-05-26,2004,Aqua,MODIS,100,6.3,309.3,123.2,D,0
59.2378,-112.1564,447.5,1,1,2019-05-26,2004,Aqua,MODIS,100,6.3,330.6,675.5,D,0
59.2351,-112.1734,409.4,1,1,2019-05-26,2004,Aqua,MODIS,100,6.3,316.4,306.4,D,0
59.2325,-112.1904,386.8,1,1,2019-05-26,2004,Aqua,MODIS,100,6.3,306.8,172.6,D,0
59.2299,-112.2074,327.2,1,1,2019-05-26,2004,Aqua,MODIS,84,6.3,303.2,14.5,D,0
59.2193,-112.2755,340.8,1,1,2019-05-26,2004,Aqua,MODIS,92,6.3,303,35,D,0
59.2166,-112.2925,352.4,1,1,2019-05-26,2004,Aqua,MODIS,97,6.3,303.6,59.6,D,0
59.214,-112.3095,327.7,1,1,2019-05-26,2004,Aqua,MODIS,54,6.3,299.5,18.8,D,0
59.2596,-112.0765,494.2,1,1,2019-05-26,2004,Aqua,MODIS,100,6.3,313.9,1475.5,D,0
59.257,-112.0935,505.8,1,1,2019-05-26,2004,Aqua,MODIS,100,6.3,400.1,1747.5,D,0
59.2543,-112.1105,479.1,1,1,2019-05-26,2004,Aqua,MODIS,100,6.3,400.1,1166,D,0
59.2517,-112.1275,440.9,1,1,2019-05-26,2004,Aqua,MODIS,100,6.3,330.3,594,D,0
59.2491,-112.1445,420.6,1,1,2019-05-26,2004,Aqua,MODIS,100,6.3,317.6,391.3,D,0
59.2465,-112.1615,402.2,1,1,2019-05-26,2004,Aqua,MODIS,100,6.3,306.9,257,D,0
59.2438,-112.1786,348.8,1,1,2019-05-26,2004,Aqua,MODIS,95,6.3,301.1,49.2,D,0
59.2412,-112.1956,320,1,1,2019-05-26,2004,Aqua,MODIS,56,6.3,300.2,6.3,D,0
59.228,-112.2807,365.7,1,1,2019-05-26,2004,Aqua,MODIS,100,6.3,303.5,93.7,D,0
59.2253,-112.2977,383.1,1,1,2019-05-26,2004,Aqua,MODIS,100,6.3,307.2,160.8,D,0
59.2668,-112.0859,418.7,1,1,2019-05-26,2004,Aqua,MODIS,100,6.3,301.8,381.5,D,0
59.2641,-112.1029,422.7,1,1,2019-05-26,2004,Aqua,MODIS,100,6.3,313.8,413.8,D,0
59.2615,-112.1199,402,1,1,2019-05-26,2004,Aqua,MODIS,100,6.3,314.1,258.4,D,0
59.2589,-112.1369,333.8,1,1,2019-05-26,2004,Aqua,MODIS,88,6.3,303.6,27.1,D,0
59.2509,-112.188,351.4,1,1,2019-05-26,2004,Aqua,MODIS,96,6.3,302.3,55.7,D,0
59.2483,-112.205,340.1,1,1,2019-05-26,2004,Aqua,MODIS,83,6.3,302.6,33.6,D,0
59.235,-112.2901,325.9,1,1,2019-05-26,2004,Aqua,MODIS,47,6.3,300.3,17,D,0
59.2324,-112.3071,318.5,1,1,2019-05-26,2004,Aqua,MODIS,53,6.3,298.4,11.2,D,0
59.2754,-112.0911,323.4,1,1,2019-05-26,2004,Aqua,MODIS,47,6.3,289.5,15.4,D,0
59.2728,-112.1081,325.6,1,1,2019-05-26,2004,Aqua,MODIS,41,6.3,292.8,16.4,D,0
59.2702,-112.1251,373.5,1,1,2019-05-26,2004,Aqua,MODIS,100,6.3,298.8,120.6,D,0
59.2675,-112.1421,339.6,1,1,2019-05-26,2004,Aqua,MODIS,91,6.3,300.3,34.6,D,0
59.2464,-112.2783,341.7,1,1,2019-05-26,2004,Aqua,MODIS,92,6.3,305.5,37.9,D,0
59.2437,-112.2953,342.3,1,1,2019-05-26,2004,Aqua,MODIS,92,6.3,304.6,40.6,D,0
59.2789,-112.1303,385.9,1,1,2019-05-26,2004,Aqua,MODIS,100,6.3,300.1,170.8,D,0
59.2762,-112.1473,339,1,1,2019-05-26,2004,Aqua,MODIS,91,6.3,300.7,32.5,D,0
59.2683,-112.1983,322.7,1,1,2019-05-26,2004,Aqua,MODIS,36,6.3,298.8,10,D,0
59.2657,-112.2154,323.6,1,1,2019-05-26,2004,Aqua,MODIS,46,6.3,302.5,10.1,D,0
59.255,-112.2835,339.3,1,1,2019-05-26,2004,Aqua,MODIS,90,6.3,301.3,31.9,D,0
59.2524,-112.3005,355.3,1,1,2019-05-26,2004,Aqua,MODIS,98,6.3,302.8,66.1,D,0
59.277,-112.2035,389.9,1,1,2019-05-26,2004,Aqua,MODIS,100,6.3,307.4,187.9,D,0
59.2743,-112.2206,344.6,1,1,2019-05-26,2004,Aqua,MODIS,93,6.3,302.8,38.2,D,0
59.2883,-112.1917,351.7,1,1,2019-05-26,2004,Aqua,MODIS,96,6.3,295.9,54.2,D,0
59.2857,-112.2087,453.4,1,1,2019-05-26,2004,Aqua,MODIS,100,6.3,319,750.3,D,0
59.283,-112.2258,434.4,1,1,2019-05-26,2004,Aqua,MODIS,100,6.3,319.8,519.9,D,0
59.2943,-112.2139,337.9,1,1,2019-05-26,2004,Aqua,MODIS,88,6.3,298.5,28.1,D,0
59.2917,-112.2309,359.1,1,1,2019-05-26,2004,Aqua,MODIS,99,6.3,298.5,72.8,D,0
59.3188,-112.1169,325.4,1,1,2019-05-26,2004,Aqua,MODIS,46,6.3,290.2,16.6,D,0
59.3162,-112.1339,355.7,1,1,2019-05-26,2004,Aqua,MODIS,98,6.3,296.7,68.7,D,0
59.3083,-112.185,368,1,1,2019-05-26,2004,Aqua,MODIS,100,6.3,309,98.9,D,0
59.3056,-112.2021,345.2,1,1,2019-05-26,2004,Aqua,MODIS,70,6.3,306.1,40.7,D,0
59.303,-112.2191,346,1,1,2019-05-26,2004,Aqua,MODIS,94,6.3,304.4,42.5,D,0
59.2977,-112.2532,332.4,1,1,2019-05-26,2004,Aqua,MODIS,62,6.3,298.8,20,D,0
59.2951,-112.2702,348.8,1,1,2019-05-26,2004,Aqua,MODIS,95,6.3,300.4,50.1,D,0
59.3249,-112.1391,340.8,1,1,2019-05-26,2004,Aqua,MODIS,91,6.3,292.8,39.5,D,0
59.3196,-112.1732,359.1,1,1,2019-05-26,2004,Aqua,MODIS,99,6.3,308,74.7,D,0
59.317,-112.1902,366.7,1,1,2019-05-26,2004,Aqua,MODIS,95,6.3,316.7,95.6,D,0
59.3143,-112.2073,371.9,1,1,2019-05-26,2004,Aqua,MODIS,100,6.3,315.2,112,D,0
59.3117,-112.2243,474.6,1,1,2019-05-26,2004,Aqua,MODIS,100,6.3,342.4,1085.9,D,0
59.309,-112.2414,441.9,1,1,2019-05-26,2004,Aqua,MODIS,100,6.3,332.2,607.9,D,0
59.3064,-112.2584,371.8,1,1,2019-05-26,2004,Aqua,MODIS,100,6.3,308.2,112.3,D,0
59.3037,-112.2755,376.8,1,1,2019-05-26,2004,Aqua,MODIS,100,6.3,305,133.3,D,0
59.3335,-112.1443,351.4,1,1,2019-05-26,2004,Aqua,MODIS,82,6.3,291,56.7,D,0
59.3283,-112.1784,371.3,1,1,2019-05-26,2004,Aqua,MODIS,100,6.3,304.3,112.2,D,0
59.3256,-112.1954,376.9,1,1,2019-05-26,2004,Aqua,MODIS,100,6.3,304.5,132.5,D,0
59.323,-112.2125,393.8,1,1,2019-05-26,2004,Aqua,MODIS,100,6.3,307.9,209.7,D,0
59.3204,-112.2295,431.2,1,1,2019-05-26,2004,Aqua,MODIS,100,6.3,328.6,493.1,D,0
59.3177,-112.2466,438.5,1,1,2019-05-26,2004,Aqua,MODIS,100,6.3,328.1,571.1,D,0
59.3151,-112.2636,412.3,1,1,2019-05-26,2004,Aqua,MODIS,100,6.3,318.6,330.6,D,0
59.3124,-112.2807,335.2,1,1,2019-05-26,2004,Aqua,MODIS,89,6.3,297.5,29.4,D,0
59.3448,-112.1324,330.9,1,1,2019-05-26,2004,Aqua,MODIS,42,6.3,288.1,24,D,0
59.3422,-112.1495,333.8,1,1,2019-05-26,2004,Aqua,MODIS,42,6.3,288.1,26.7,D,0
59.3396,-112.1665,395,1,1,2019-05-26,2004,Aqua,MODIS,100,6.3,295.8,216.6,D,0
59.3369,-112.1836,469.8,1,1,2019-05-26,2004,Aqua,MODIS,100,6.3,320,1001.4,D,0
59.3343,-112.2006,477.7,1,1,2019-05-26,2004,Aqua,MODIS,100,6.3,326.7,1140.4,D,0
59.3317,-112.2177,406.3,1,1,2019-05-26,2004,Aqua,MODIS,100,6.3,307.6,287.6,D,0
59.329,-112.2347,400.9,1,1,2019-05-26,2004,Aqua,MODIS,100,6.3,302.7,252.9,D,0
59.3264,-112.2518,381.9,1,1,2019-05-26,2004,Aqua,MODIS,100,6.3,301.2,156.5,D,0
59.3237,-112.2688,321,1,1,2019-05-26,2004,Aqua,MODIS,79,6.3,295.9,13.2,D,0
59.3476,-112.1784,318.3,1,1,2019-05-26,2004,Aqua,MODIS,38,6.3,287.5,9.5,D,0
59.167,-112.0601,310.9,3.2,1.7,2019-05-27,0352,Terra,MODIS,73,6.3,272.8,71.7,N,0
59.2212,-112.0592,306.2,3.2,1.7,2019-05-27,0352,Terra,MODIS,43,6.3,268,55.8,N,0
59.1206,-112.0442,326,1.3,1.1,2019-05-27,0529,Terra,MODIS,30,6.3,274.2,34.8,N,0
59.1185,-112.0672,330.9,1.3,1.1,2019-05-27,0529,Terra,MODIS,72,6.3,272.6,43.5,N,0
59.1286,-112.0709,319.5,1.3,1.1,2019-05-27,0529,Terra,MODIS,9,6.3,276.4,22.7,N,0
59.2558,-112.088,307.4,1,1,2019-05-27,1857,Terra,MODIS,43,6.3,277.7,5.4,D,0
59.2104,-112.0405,372,1,1,2019-05-27,1857,Terra,MODIS,100,6.3,282.1,117.5,D,0
59.2078,-112.0236,372.8,1,1,2019-05-27,1857,Terra,MODIS,94,6.3,280.7,121.4,D,0
59.2018,-112.0456,321.5,1,1,2019-05-27,1857,Terra,MODIS,24,6.3,276.2,14.3,D,0
59.1991,-112.0287,335.4,1,1,2019-05-27,1857,Terra,MODIS,72,6.3,274.9,31.9,D,0
59.1768,-112.0662,360.1,1,1,2019-05-27,1857,Terra,MODIS,100,6.3,278.3,85.1,D,0
59.1741,-112.0492,362.2,1,1,2019-05-27,1857,Terra,MODIS,100,6.3,276.3,91.2,D,0
59.1681,-112.0713,323.9,1,1,2019-05-27,1857,Terra,MODIS,83,6.3,276.4,19.2,D,0
59.1654,-112.0543,326.8,1,1,2019-05-27,1857,Terra,MODIS,85,6.3,274.1,23.3,D,0
59.1273,-112.1137,349.2,1,1,2019-05-27,1857,Terra,MODIS,90,6.3,271.7,58.3,D,0
59.3385,-112.2323,393.4,2.3,1.5,2019-05-28,1802,Terra,MODIS,100,6.3,303.3,719.9,D,0
59.3367,-112.1908,330.2,2.3,1.5,2019-05-28,1802,Terra,MODIS,39,6.3,305.5,64.9,D,0
59.327,-112.2761,355.3,2.4,1.5,2019-05-28,1802,Terra,MODIS,98,6.3,299,230.8,D,0
59.275,-112.3263,325.9,2.4,1.5,2019-05-28,1802,Terra,MODIS,63,6.3,295,61.1,D,0
59.2733,-112.2845,347.7,2.4,1.5,2019-05-28,1802,Terra,MODIS,94,6.3,299.4,174.1,D,0
59.2785,-112.2893,329.5,2.4,1.5,2019-05-28,1802,Terra,MODIS,69,6.3,298.6,72.3,D,0
59.267,-112.3332,325.9,2.4,1.5,2019-05-28,1802,Terra,MODIS,67,6.3,294.5,63.4,D,0
59.2651,-112.2914,354.7,2.4,1.5,2019-05-28,1802,Terra,MODIS,97,6.3,299.7,228.3,D,0
59.2535,-112.3353,407.8,2.4,1.5,2019-05-28,1802,Terra,MODIS,100,6.3,302.1,1040.5,D,0
59.2517,-112.2935,363.8,2.4,1.5,2019-05-28,1802,Terra,MODIS,100,6.3,301.8,307.6,D,0
59.2401,-112.3373,363.7,2.4,1.5,2019-05-28,1802,Terra,MODIS,100,6.3,294.5,317.1,D,0
59.2383,-112.2955,336,2.4,1.5,2019-05-28,1802,Terra,MODIS,73,6.3,297,100.6,D,0
59.2267,-112.3394,322.6,2.4,1.5,2019-05-28,1802,Terra,MODIS,63,6.3,293.6,54.3,D,0
59.1998,-112.3436,360,2.4,1.5,2019-05-28,1802,Terra,MODIS,99,6.3,294.3,283.6,D,0
59.198,-112.3018,373.6,2.4,1.5,2019-05-28,1802,Terra,MODIS,100,6.3,299.2,426.1,D,0
59.1846,-112.3039,338.1,2.4,1.5,2019-05-28,1802,Terra,MODIS,89,6.3,294.6,121.1,D,0
59.2054,-112.3503,339.4,2.4,1.5,2019-05-28,1802,Terra,MODIS,90,6.3,293.2,131.3,D,0
59.2034,-112.3086,366.9,2.4,1.5,2019-05-28,1802,Terra,MODIS,100,6.3,298.8,348.8,D,0
59.1899,-112.0215,327.3,2.3,1.5,2019-05-28,1802,Terra,MODIS,59,6.3,298.3,52.5,D,0
59.19,-112.3106,350.8,2.4,1.5,2019-05-28,1802,Terra,MODIS,96,6.3,295.5,203.2,D,0
59.1881,-112.2691,325.2,2.3,1.5,2019-05-28,1802,Terra,MODIS,20,6.3,298,51.1,D,0
59.1502,-112.0279,323,2.3,1.5,2019-05-28,1802,Terra,MODIS,27,6.3,299.7,37.7,D,0
59.3687,-112.12,326.3,1.9,1.3,2019-05-28,1940,Terra,MODIS,62,6.3,300.9,43.5,D,0
59.3578,-112.1305,325.3,1.9,1.3,2019-05-28,1940,Terra,MODIS,62,6.3,303.4,38.3,D,0
59.351,-112.211,359.2,1.9,1.3,2019-05-28,1940,Terra,MODIS,99,6.3,300.1,186.5,D,0
59.3435,-112.1813,335.7,1.9,1.3,2019-05-28,1940,Terra,MODIS,82,6.3,304.9,65.6,D,0
59.3475,-112.251,382.9,1.9,1.3,2019-05-28,1940,Terra,MODIS,100,6.3,300.3,390.8,D,0
59.3401,-112.2214,377.9,1.9,1.3,2019-05-28,1940,Terra,MODIS,100,6.3,303.4,337,D,0
59.3367,-112.2614,340.7,1.9,1.3,2019-05-28,1940,Terra,MODIS,80,6.3,296.9,90.6,D,0
59.3258,-112.2717,343,1.9,1.3,2019-05-28,1940,Terra,MODIS,80,6.3,298.5,98.7,D,0
59.3434,-112.2615,366.8,1.9,1.3,2019-05-28,1940,Terra,MODIS,100,6.3,298.6,243,D,0
59.3361,-112.2318,354,1.9,1.3,2019-05-28,1940,Terra,MODIS,97,6.3,300.9,151.1,D,0
59.3217,-112.2823,343.1,1.9,1.3,2019-05-28,1940,Terra,MODIS,92,6.3,298,101.5,D,0
59.3109,-112.2926,363,1.9,1.3,2019-05-28,1940,Terra,MODIS,100,6.3,298.1,214.9,D,0
59.2892,-112.3133,323.2,1.9,1.3,2019-05-28,1940,Terra,MODIS,50,6.3,295.4,35.5,D,0
59.2818,-112.2837,342.8,1.9,1.3,2019-05-28,1940,Terra,MODIS,92,6.3,299.3,100.3,D,0
59.2783,-112.3236,344.9,1.9,1.3,2019-05-28,1940,Terra,MODIS,93,6.3,294.8,113.1,D,0
59.2709,-112.2941,374.4,1.9,1.3,2019-05-28,1940,Terra,MODIS,100,6.3,298.8,309.1,D,0
59.1953,-111.9938,328.3,1.9,1.4,2019-05-28,1940,Terra,MODIS,18,6.3,301.3,41.7,D,0
59.2675,-112.3339,328.2,1.9,1.3,2019-05-28,1940,Terra,MODIS,70,6.3,294.5,51.7,D,0
59.2601,-112.3044,354.8,1.9,1.3,2019-05-28,1940,Terra,MODIS,97,6.3,297.9,164.8,D,0
59.1843,-112.0044,335.1,1.9,1.4,2019-05-28,1940,Terra,MODIS,78,6.3,299.6,66.2,D,0
59.2566,-112.3442,371.1,1.9,1.3,2019-05-28,1940,Terra,MODIS,100,6.3,297,285.5,D,0
59.2492,-112.3147,363.7,1.9,1.3,2019-05-28,1940,Terra,MODIS,100,6.3,297,225.7,D,0
59.2457,-112.3545,348,1.9,1.3,2019-05-28,1940,Terra,MODIS,94,6.3,294.8,129.1,D,0
59.2383,-112.325,357.3,1.9,1.3,2019-05-28,1940,Terra,MODIS,98,6.3,295.4,180.3,D,0
59.2632,-112.3438,328.9,1.9,1.3,2019-05-28,1940,Terra,MODIS,75,6.3,294.3,55,D,0
59.2559,-112.3142,357.6,1.9,1.3,2019-05-28,1940,Terra,MODIS,99,6.3,298.3,183.7,D,0
59.2523,-112.3541,359.9,1.9,1.3,2019-05-28,1940,Terra,MODIS,99,6.3,295.8,198.7,D,0
59.245,-112.3245,380.4,1.9,1.3,2019-05-28,1940,Terra,MODIS,100,6.3,298.7,369.8,D,0
59.1592,-112.0343,324.7,1.9,1.4,2019-05-28,1940,Terra,MODIS,52,6.3,299.6,32.7,D,0
59.2233,-112.3452,320.5,1.9,1.3,2019-05-28,1940,Terra,MODIS,68,6.3,294.4,34.7,D,0
59.2159,-112.3156,316.9,1.9,1.3,2019-05-28,1940,Terra,MODIS,47,6.3,294,24.5,D,0
59.205,-112.3259,343.8,1.9,1.3,2019-05-28,1940,Terra,MODIS,92,6.3,295.3,111.8,D,0
59.1976,-112.2962,325.7,1.9,1.3,2019-05-28,1940,Terra,MODIS,42,6.3,294.8,43.1,D,0
59.1942,-112.3362,341.1,1.9,1.3,2019-05-28,1940,Terra,MODIS,91,6.3,294,102.4,D,0
59.1867,-112.3065,388.2,1.9,1.3,2019-05-28,1940,Terra,MODIS,100,6.3,298.4,464.9,D,0
59.1793,-112.2767,342,1.9,1.3,2019-05-28,1940,Terra,MODIS,91,6.3,296,106.5,D,0
59.1718,-112.2468,317.2,1.9,1.3,2019-05-28,1940,Terra,MODIS,51,6.3,296.9,24.4,D,0
59.1339,-112.0961,332.9,1.9,1.4,2019-05-28,1940,Terra,MODIS,85,6.3,299.8,58,D,0
59.1458,-112.1972,321.5,1.9,1.3,2019-05-28,1940,Terra,MODIS,48,6.3,295.5,32.3,D,0
59.1382,-112.1671,332.8,1.9,1.3,2019-05-28,1940,Terra,MODIS,85,6.3,297.9,67.2,D,0
59.1229,-112.1066,354.9,1.9,1.4,2019-05-28,1940,Terra,MODIS,97,6.3,297.5,169.7,D,0
59.1223,-112.091,385.1,1.1,1.1,2019-05-28,1952,Aqua,MODIS,100,6.3,305.1,194.6,D,0
59.119,-112.1095,372.2,1.1,1.1,2019-05-28,1952,Aqua,MODIS,100,6.3,303.1,136,D,0
59.1446,-112.0234,320.9,1.1,1,2019-05-28,1952,Aqua,MODIS,55,6.3,302.9,9.7,D,0
59.1413,-112.0418,324.3,1.1,1.1,2019-05-28,1952,Aqua,MODIS,74,6.3,301.9,13.4,D,0
59.1313,-112.0972,337.8,1.1,1.1,2019-05-28,1952,Aqua,MODIS,89,6.3,301.9,34.2,D,0
59.128,-112.1157,331.3,1.1,1.1,2019-05-28,1952,Aqua,MODIS,76,6.3,296.9,24.3,D,0
59.1536,-112.0296,378.8,1.1,1,2019-05-28,1952,Aqua,MODIS,100,6.3,307.6,160.4,D,0
59.1502,-112.048,374.4,1.1,1.1,2019-05-28,1952,Aqua,MODIS,100,6.3,307,140.3,D,0
59.1302,-112.1589,320,1.1,1.1,2019-05-28,1952,Aqua,MODIS,37,6.3,299.3,12.9,D,0
59.1269,-112.1774,326.9,1.1,1.1,2019-05-28,1952,Aqua,MODIS,79,6.3,298.3,23,D,0
59.1392,-112.1651,334.3,1.1,1.1,2019-05-28,1952,Aqua,MODIS,86,6.3,300.7,31.9,D,0
59.1359,-112.1837,340.1,1.1,1.1,2019-05-28,1952,Aqua,MODIS,90,6.3,298.6,44.2,D,0
59.1856,-111.9967,356.5,1.1,1,2019-05-28,1952,Aqua,MODIS,98,6.3,304.5,78.5,D,0
59.1823,-112.0151,355.2,1.1,1,2019-05-28,1952,Aqua,MODIS,98,6.3,305.5,75.2,D,0
59.1946,-112.0029,335.9,1.1,1,2019-05-28,1952,Aqua,MODIS,82,6.3,305,30.4,D,0
59.1913,-112.0212,330,1.1,1,2019-05-28,1952,Aqua,MODIS,74,6.3,301.9,20.4,D,0
59.1846,-112.058,358.7,1.1,1,2019-05-28,1952,Aqua,MODIS,99,6.3,305.9,80.8,D,0
59.1813,-112.0764,329,1.1,1.1,2019-05-28,1952,Aqua,MODIS,62,6.3,305.6,16.6,D,0
59.1779,-112.0949,320.9,1.1,1.1,2019-05-28,1952,Aqua,MODIS,49,6.3,302.9,6.2,D,0
59.1936,-112.0642,330.8,1.1,1,2019-05-28,1952,Aqua,MODIS,79,6.3,304,18.5,D,0
59.1689,-112.2554,320.6,1.1,1.1,2019-05-28,1952,Aqua,MODIS,73,6.3,299.5,14.9,D,0
59.1655,-112.274,331.3,1.1,1.1,2019-05-28,1952,Aqua,MODIS,84,6.3,298.8,29.4,D,0
59.1744,-112.2803,356.1,1.1,1.1,2019-05-28,1952,Aqua,MODIS,98,6.3,299.6,81.1,D,0
59.171,-112.2989,335.2,1.1,1.1,2019-05-28,1952,Aqua,MODIS,53,6.3,296.8,33.1,D,0
59.1834,-112.2866,344.2,1.1,1.1,2019-05-28,1952,Aqua,MODIS,77,6.3,297.9,49.8,D,0
59.18,-112.3052,376.1,1.1,1.1,2019-05-28,1952,Aqua,MODIS,100,6.3,303.9,154,D,0
59.1924,-112.2929,324.1,1.1,1.1,2019-05-28,1952,Aqua,MODIS,17,6.3,297.1,17.4,D,0
59.189,-112.3115,368.3,1.1,1.1,2019-05-28,1952,Aqua,MODIS,100,6.3,303.2,124.7,D,0
59.1856,-112.3302,323.8,1.1,1.1,2019-05-28,1952,Aqua,MODIS,54,6.3,296.3,19.1,D,0
59.198,-112.3178,362.3,1.1,1.1,2019-05-28,1952,Aqua,MODIS,100,6.3,299.9,101.9,D,0
59.1946,-112.3365,352.8,1.1,1.1,2019-05-28,1952,Aqua,MODIS,96,6.3,298.4,73.5,D,0
59.207,-112.3242,336.7,1.1,1.1,2019-05-28,1952,Aqua,MODIS,88,6.3,296,37.5,D,0
59.2036,-112.3428,333.9,1.1,1.1,2019-05-28,1952,Aqua,MODIS,83,6.3,295.1,33.3,D,0
59.2224,-112.3188,333.6,1.1,1.1,2019-05-28,1952,Aqua,MODIS,86,6.3,297,32.3,D,0
59.219,-112.3374,347.2,1.1,1.1,2019-05-28,1952,Aqua,MODIS,94,6.3,297.9,60.4,D,0
59.2314,-112.3251,315.9,1.1,1.1,2019-05-28,1952,Aqua,MODIS,61,6.3,295,9.4,D,0
59.2438,-112.3128,341,1.1,1.1,2019-05-28,1952,Aqua,MODIS,91,6.3,298.2,43.3,D,0
59.2404,-112.3314,433.2,1.1,1.1,2019-05-28,1952,Aqua,MODIS,100,6.3,313.2,603.9,D,0
59.2369,-112.3501,400.9,1.1,1.1,2019-05-28,1952,Aqua,MODIS,100,6.3,304.8,299.4,D,0
59.2561,-112.3005,352.8,1.1,1.1,2019-05-28,1952,Aqua,MODIS,96,6.3,299.1,69.1,D,0
59.2527,-112.3191,403.4,1.1,1.1,2019-05-28,1952,Aqua,MODIS,100,6.3,310.7,314.1,D,0
59.2493,-112.3378,456.4,1.1,1.1,2019-05-28,1952,Aqua,MODIS,100,6.3,322.4,935.6,D,0
59.2459,-112.3564,377.4,1.1,1.1,2019-05-28,1952,Aqua,MODIS,100,6.3,300.8,162.3,D,0
59.2685,-112.2882,358.4,1.1,1.1,2019-05-28,1952,Aqua,MODIS,99,6.3,300.3,85.1,D,0
59.2651,-112.3068,442.9,1.1,1.1,2019-05-28,1952,Aqua,MODIS,100,6.3,317.1,724.5,D,0
59.2617,-112.3254,413.8,1.1,1.1,2019-05-28,1952,Aqua,MODIS,100,6.3,309,401,D,0
59.2583,-112.3441,333.7,1.1,1.1,2019-05-28,1952,Aqua,MODIS,86,6.3,294.6,33.3,D,0
59.2775,-112.2945,394.9,1.1,1.1,2019-05-28,1952,Aqua,MODIS,100,6.3,306.9,253.6,D,0
59.2741,-112.3131,370.2,1.1,1.1,2019-05-28,1952,Aqua,MODIS,100,6.3,300.5,129,D,0
59.2707,-112.3317,312,1.1,1.1,2019-05-28,1952,Aqua,MODIS,26,6.3,293.2,6.5,D,0
59.3111,-112.2762,378.6,1.1,1.1,2019-05-28,1952,Aqua,MODIS,100,6.3,304.1,163,D,0
59.3077,-112.2948,398.7,1.1,1.1,2019-05-28,1952,Aqua,MODIS,100,6.3,305.4,280.4,D,0
59.3184,-112.2673,336.6,1.1,1.1,2019-05-28,1952,Aqua,MODIS,85,6.3,301.9,33.3,D,0
59.315,-112.2859,385.1,1.1,1.1,2019-05-28,1952,Aqua,MODIS,100,6.3,305.2,196.5,D,0
59.3116,-112.3045,356.2,1.1,1.1,2019-05-28,1952,Aqua,MODIS,98,6.3,300.9,82.4,D,0
59.3375,-112.218,348.9,1.1,1.1,2019-05-28,1952,Aqua,MODIS,95,6.3,302.6,54.6,D,0
59.3342,-112.2365,349.3,1.1,1.1,2019-05-28,1952,Aqua,MODIS,95,6.3,299.3,56.5,D,0
59.3308,-112.2551,337.6,1.1,1.1,2019-05-28,1952,Aqua,MODIS,86,6.3,297.3,33.5,D,0
59.3274,-112.2736,329.7,1.1,1.1,2019-05-28,1952,Aqua,MODIS,50,6.3,297.2,22.3,D,0
59.324,-112.2922,337,1.1,1.1,2019-05-28,1952,Aqua,MODIS,88,6.3,297,36.4,D,0
59.3699,-112.0951,339,1.1,1,2019-05-28,1952,Aqua,MODIS,78,6.3,302.8,39.1,D,0
59.3666,-112.1135,326.3,1.1,1,2019-05-28,1952,Aqua,MODIS,45,6.3,301.4,17.9,D,0
59.3632,-112.1319,383.1,1.1,1,2019-05-28,1952,Aqua,MODIS,100,6.3,307.5,181.4,D,0
59.3599,-112.1504,338.7,1.1,1,2019-05-28,1952,Aqua,MODIS,77,6.3,301.8,35.9,D,0
59.3532,-112.1873,379.7,1.1,1,2019-05-28,1952,Aqua,MODIS,100,6.3,303.4,165.8,D,0
59.3498,-112.2058,411.9,1.1,1.1,2019-05-28,1952,Aqua,MODIS,100,6.3,310.7,375.2,D,0
59.3465,-112.2243,431,1.1,1.1,2019-05-28,1952,Aqua,MODIS,100,6.3,310.1,566,D,0
59.3431,-112.2428,449.9,1.1,1.1,2019-05-28,1952,Aqua,MODIS,100,6.3,319.3,818.3,D,0
59.3397,-112.2614,444.2,1.1,1.1,2019-05-28,1952,Aqua,MODIS,100,6.3,318,739.3,D,0
59.3487,-112.2677,314.5,1.1,1.1,2019-05-28,1952,Aqua,MODIS,40,6.3,292,8.5,D,0
59.1483,-112.0614,310.5,4.7,2,2019-05-28,2130,Aqua,MODIS,26,6.3,291.7,54.4,D,0
59.187,-112.3088,327.5,4.6,2,2019-05-28,2130,Aqua,MODIS,54,6.3,291.5,188.5,D,0
59.1843,-112.3121,328.3,4.6,2,2019-05-28,2130,Aqua,MODIS,82,6.3,291.5,206,D,0
59.1853,-112.394,319.6,4.6,2,2019-05-28,2130,Aqua,MODIS,45,6.3,291.7,118.9,D,0
59.2021,-112.3111,316.1,4.6,2,2019-05-28,2130,Aqua,MODIS,46,6.3,289.9,91.5,D,0
59.2031,-112.393,317.7,4.6,2,2019-05-28,2130,Aqua,MODIS,40,6.3,291.3,104.3,D,0
59.2156,-111.9754,314.9,4.8,2,2019-05-28,2130,Aqua,MODIS,57,6.3,293.4,86.4,D,0
59.2168,-112.0601,312.4,4.7,2,2019-05-28,2130,Aqua,MODIS,46,6.3,292.7,70,D,0
59.2557,-112.3081,350.4,4.6,2,2019-05-28,2130,Aqua,MODIS,95,6.3,290.7,543.1,D,0
59.2566,-112.3902,364.5,4.6,2,2019-05-28,2130,Aqua,MODIS,100,6.3,293.3,868.3,D,0
59.2736,-112.3071,357.7,4.6,2,2019-05-28,2130,Aqua,MODIS,99,6.3,290.9,691.1,D,0
59.2744,-112.3892,327.1,4.6,2,2019-05-28,2130,Aqua,MODIS,78,6.3,290.4,190.1,D,0
59.2915,-112.306,353.8,4.6,2,2019-05-28,2130,Aqua,MODIS,97,6.3,290.2,601.3,D,0
59.2922,-112.3881,329.4,4.6,2,2019-05-28,2130,Aqua,MODIS,77,6.3,290.3,210.2,D,0
59.2559,-112.3186,357.7,4.6,2,2019-05-28,2130,Aqua,MODIS,99,6.3,291.1,688.3,D,0
59.257,-112.4006,354.8,4.6,2,2019-05-28,2130,Aqua,MODIS,97,6.3,292.9,619.1,D,0
59.2738,-112.3177,359,4.6,2,2019-05-28,2130,Aqua,MODIS,99,6.3,291,716.5,D,0
59.2917,-112.3168,357,4.6,2,2019-05-28,2130,Aqua,MODIS,98,6.3,290.5,669.8,D,0
59.3274,-112.3147,347.7,4.6,2,2019-05-28,2130,Aqua,MODIS,89,6.3,293.1,482.6,D,0
59.3444,-112.2307,360.2,4.7,2,2019-05-28,2130,Aqua,MODIS,100,6.3,289.1,763.7,D,0
59.3453,-112.3137,402.9,4.6,2,2019-05-28,2130,Aqua,MODIS,94,6.3,297.9,2440.8,D,0
59.3246,-112.3177,346.7,4.6,2,2019-05-28,2130,Aqua,MODIS,88,6.3,293.2,460.9,D,0
59.3413,-112.2338,363.3,4.7,2,2019-05-28,2130,Aqua,MODIS,100,6.3,289.3,839.9,D,0
59.3425,-112.3167,398.9,4.6,2,2019-05-28,2130,Aqua,MODIS,94,6.3,298,2219.4,D,0
59.3604,-112.3158,310.8,4.6,2,2019-05-28,2130,Aqua,MODIS,32,6.3,290.3,62.9,D,0
59.2446,-112.6207,311,4.2,1.9,2019-05-29,0340,Terra,MODIS,13,6.3,271.7,83,N,0
59.1869,-112.3572,318.4,4.2,1.9,2019-05-29,0340,Terra,MODIS,90,6.3,274.2,144.3,N,0
59.201,-112.3762,307.5,4.2,1.9,2019-05-29,0340,Terra,MODIS,38,6.3,273.8,81.1,N,0
59.2001,-112.5554,324.7,4.2,1.9,2019-05-29,0340,Terra,MODIS,68,6.3,277,191.5,N,0
59.2781,-112.3922,327.2,4.1,1.9,2019-05-29,0340,Terra,MODIS,33,6.3,281,189.8,N,0
59.257,-112.4527,336.5,4.2,1.9,2019-05-29,0340,Terra,MODIS,63,6.3,277,272.5,N,0
59.2357,-112.5135,320.5,4.2,1.9,2019-05-29,0340,Terra,MODIS,0,6.3,271.3,136.9,N,0
59.2141,-112.5747,342.2,4.2,1.9,2019-05-29,0340,Terra,MODIS,100,6.3,272.8,386,N,0
59.2921,-112.4113,346.3,4.1,1.9,2019-05-29,0340,Terra,MODIS,82,6.3,283.3,408.5,N,0
59.271,-112.4718,408.4,4.2,1.9,2019-05-29,0340,Terra,MODIS,100,6.3,288.2,2405.5,N,0
59.2497,-112.5327,357.7,4.2,1.9,2019-05-29,0340,Terra,MODIS,100,6.3,272,621,N,0
59.2024,-112.563,327.8,4.2,1.9,2019-05-29,0340,Terra,MODIS,27,6.3,276,210.9,N,0
59.281,-112.4006,334.1,4.1,1.9,2019-05-29,0340,Terra,MODIS,53,6.3,282,255.9,N,0
59.2597,-112.4608,350.9,4.2,1.9,2019-05-29,0340,Terra,MODIS,97,6.3,280.1,477.9,N,0
59.2381,-112.5213,326.4,4.2,1.9,2019-05-29,0340,Terra,MODIS,52,6.3,270.6,179.9,N,0
59.2164,-112.5823,336.9,4.2,1.9,2019-05-29,0340,Terra,MODIS,74,6.3,271.1,301.5,N,0
59.295,-112.4197,360.3,4.1,1.9,2019-05-29,0340,Terra,MODIS,100,6.3,283.4,669.6,N,0
59.2737,-112.4799,406.8,4.2,1.9,2019-05-29,0340,Terra,MODIS,100,6.3,285.1,2323.7,N,0
59.2522,-112.5405,353.7,4.2,1.9,2019-05-29,0340,Terra,MODIS,100,6.3,270.6,550.9,N,0
59.351,-112.3192,317.7,4.1,1.9,2019-05-29,0340,Terra,MODIS,71,6.3,280,136.4,N,0
59.3301,-112.3788,317.7,4.1,1.9,2019-05-29,0340,Terra,MODIS,34,6.3,279.5,128.1,N,0
59.309,-112.4387,333.3,4.1,1.9,2019-05-29,0340,Terra,MODIS,100,6.3,277.7,256.5,N,0
59.2877,-112.499,318.7,4.2,1.9,2019-05-29,0340,Terra,MODIS,59,6.3,270,117,N,0
59.2662,-112.5597,313.5,4.2,1.9,2019-05-29,0340,Terra,MODIS,35,6.3,267.5,84,N,0
59.2803,-112.5789,311,4.2,1.9,2019-05-29,0340,Terra,MODIS,15,6.3,275.8,83.7,N,0
59.1154,-112.0687,303,1.1,1,2019-05-29,0517,Terra,MODIS,33,6.3,284.9,7.7,N,0
59.1588,-112.0289,305.6,1.1,1,2019-05-29,0517,Terra,MODIS,65,6.3,284,10,N,0
59.1504,-112.2291,315,1.1,1,2019-05-29,0517,Terra,MODIS,90,6.3,284.7,17.2,N,0
59.1482,-112.2478,328.5,1.1,1,2019-05-29,0517,Terra,MODIS,100,6.3,285.7,32.2,N,0
59.146,-112.2664,310.8,1.1,1,2019-05-29,0517,Terra,MODIS,81,6.3,285.1,13.1,N,0
59.1859,-112.0079,303.6,1.1,1,2019-05-29,0517,Terra,MODIS,56,6.3,283.1,8.7,N,0
59.1837,-112.0268,303.6,1.1,1,2019-05-29,0517,Terra,MODIS,54,6.3,283.8,8.5,N,0
59.1552,-112.2706,322.2,1.1,1,2019-05-29,0517,Terra,MODIS,100,6.3,286,23.7,N,0
59.1951,-112.012,300.2,1.1,1,2019-05-29,0517,Terra,MODIS,5,6.3,282.5,6.1,N,0
59.1713,-112.2976,318.2,1.1,1,2019-05-29,0517,Terra,MODIS,96,6.3,287.4,18.8,N,0
59.1804,-112.3017,322,1.1,1,2019-05-29,0517,Terra,MODIS,100,6.3,286.8,22.7,N,0
59.1782,-112.3204,417,1.1,1,2019-05-29,0517,Terra,MODIS,100,6.3,305.3,416,N,0
59.176,-112.3389,435.4,1.1,1,2019-05-29,0517,Terra,MODIS,100,6.3,310.1,605.6,N,0
59.1874,-112.3245,350.3,1.1,1,2019-05-29,0517,Terra,MODIS,100,6.3,288.7,69.3,N,0
59.1851,-112.3431,414.3,1.1,1,2019-05-29,0517,Terra,MODIS,100,6.3,299.5,390.2,N,0
59.1829,-112.3617,345,1.1,1,2019-05-29,0517,Terra,MODIS,100,6.3,291.9,56,N,0
59.1921,-112.3659,355,1.1,1,2019-05-29,0517,Terra,MODIS,100,6.3,294.3,78.3,N,0
59.1898,-112.3845,343.5,1.1,1,2019-05-29,0517,Terra,MODIS,100,6.3,292.3,52.7,N,0
59.2012,-112.3701,318.3,1.1,1,2019-05-29,0517,Terra,MODIS,54,6.3,289,13.8,N,0
59.199,-112.3886,345.6,1.1,1,2019-05-29,0517,Terra,MODIS,100,6.3,293.1,55.4,N,0
59.217,-112.3185,316.5,1.1,1,2019-05-29,0517,Terra,MODIS,12,6.3,287.1,14.8,N,0
59.2148,-112.3371,324.7,1.1,1,2019-05-29,0517,Terra,MODIS,77,6.3,288.2,23.3,N,0
59.2103,-112.3743,324.5,1.1,1,2019-05-29,0517,Terra,MODIS,82,6.3,289.3,19.9,N,0
59.2081,-112.3928,345.2,1.1,1,2019-05-29,0517,Terra,MODIS,100,6.3,293.7,55.7,N,0
59.2059,-112.4114,392.4,1.1,1,2019-05-29,0517,Terra,MODIS,100,6.3,306.4,232.3,N,0
59.2036,-112.4299,365.9,1.1,1,2019-05-29,0517,Terra,MODIS,100,6.3,297.8,113.4,N,0
59.2152,-112.3821,321.8,1.1,1,2019-05-29,0517,Terra,MODIS,0,6.3,288.8,19.7,N,0
59.213,-112.4007,359.3,1.1,1,2019-05-29,0517,Terra,MODIS,100,6.3,295.1,91.4,N,0
59.2108,-112.4192,393.6,1.1,1,2019-05-29,0517,Terra,MODIS,100,6.3,307.7,239.8,N,0
59.2086,-112.4378,409.1,1.1,1,2019-05-29,0517,Terra,MODIS,100,6.3,313.1,345.3,N,0
59.2064,-112.4563,338.6,1.1,1,2019-05-29,0517,Terra,MODIS,100,6.3,291.5,43.9,N,0
59.202,-112.4933,307.5,1.1,1,2019-05-29,0517,Terra,MODIS,29,6.3,286.8,8,N,0
59.2243,-112.3863,321.4,1.1,1,2019-05-29,0517,Terra,MODIS,69,6.3,288.8,18.5,N,0
59.2221,-112.4049,321.7,1.1,1,2019-05-29,0517,Terra,MODIS,19,6.3,289,18.6,N,0
59.2199,-112.4234,402.1,1.1,1,2019-05-29,0517,Terra,MODIS,100,6.3,303.6,293.5,N,0
59.2177,-112.442,500,1.1,1,2019-05-29,0517,Terra,MODIS,100,6.3,363,1786.5,N,0
59.2155,-112.4605,500,1.1,1,2019-05-29,0517,Terra,MODIS,100,6.3,340.9,1784.7,N,0
59.2133,-112.479,339.8,1.1,1,2019-05-29,0517,Terra,MODIS,100,6.3,292.1,44.7,N,0
59.2111,-112.4975,319.7,1.1,1,2019-05-29,0517,Terra,MODIS,25,6.3,287.9,16.6,N,0
59.2357,-112.3719,317.7,1.1,1,2019-05-29,0517,Terra,MODIS,30,6.3,288.3,13.8,N,0
59.2335,-112.3905,332.8,1.1,1,2019-05-29,0517,Terra,MODIS,100,6.3,290.5,33,N,0
59.2313,-112.4091,344.4,1.1,1,2019-05-29,0517,Terra,MODIS,100,6.3,292.7,53.3,N,0
59.229,-112.4276,342.5,1.1,1,2019-05-29,0517,Terra,MODIS,100,6.3,290.9,49.8,N,0
59.2268,-112.4462,477.8,1.1,1,2019-05-29,0517,Terra,MODIS,100,6.3,314.5,1271.3,N,0
59.2246,-112.4647,500,1.1,1,2019-05-29,0517,Terra,MODIS,100,6.3,331.6,1784.5,N,0
59.2224,-112.4832,372.5,1.1,1,2019-05-29,0517,Terra,MODIS,100,6.3,292.6,135,N,0
59.2202,-112.5017,318.9,1.1,1,2019-05-29,0517,Terra,MODIS,31,6.3,288.4,14.2,N,0
59.218,-112.5202,322,1.1,1,2019-05-29,0517,Terra,MODIS,70,6.3,287.5,18.6,N,0
59.247,-112.3575,316.8,1.1,1,2019-05-29,0517,Terra,MODIS,36,6.3,287.3,13.8,N,0
59.2448,-112.3761,316.1,1.1,1,2019-05-29,0517,Terra,MODIS,22,6.3,288.1,12.1,N,0
59.2404,-112.4133,331.3,1.1,1,2019-05-29,0517,Terra,MODIS,89,6.3,290.9,29.5,N,0
59.2382,-112.4319,361.8,1.1,1,2019-05-29,0517,Terra,MODIS,100,6.3,295.5,96.7,N,0
59.236,-112.4504,383.5,1.1,1,2019-05-29,0517,Terra,MODIS,100,6.3,298.7,182.4,N,0
59.2337,-112.4689,348.4,1.1,1,2019-05-29,0517,Terra,MODIS,100,6.3,290.2,61.9,N,0
59.2495,-112.4175,321.5,1.1,1,2019-05-29,0517,Terra,MODIS,57,6.3,288.4,16.4,N,0
59.2473,-112.4361,321.8,1.1,1,2019-05-29,0517,Terra,MODIS,28,6.3,289.6,16.8,N,0
59.2451,-112.4546,383.6,1.1,1,2019-05-29,0517,Terra,MODIS,100,6.3,298.2,182.8,N,0
59.2429,-112.4732,381.7,1.1,1,2019-05-29,0517,Terra,MODIS,100,6.3,296,175,N,0
59.2406,-112.4917,317.6,1.1,1,2019-05-29,0517,Terra,MODIS,17,6.3,289.7,13.7,N,0
59.2542,-112.4588,320.4,1.1,1,2019-05-29,0517,Terra,MODIS,0,6.3,290.3,14.9,N,0
59.252,-112.4774,363.9,1.1,1,2019-05-29,0517,Terra,MODIS,100,6.3,297.7,103.8,N,0
59.2498,-112.4959,390.1,1.1,1,2019-05-29,0517,Terra,MODIS,100,6.3,303.7,218.3,N,0
59.2475,-112.5144,355.5,1.1,1,2019-05-29,0517,Terra,MODIS,100,6.3,294.4,79.8,N,0
59.2834,-112.2954,308.9,1.1,1,2019-05-29,0517,Terra,MODIS,13,6.3,284.9,10.4,N,0
59.2633,-112.4631,323.2,1.1,1,2019-05-29,0517,Terra,MODIS,20,6.3,292.7,18.5,N,0
59.2611,-112.4816,344.4,1.1,1,2019-05-29,0517,Terra,MODIS,100,6.3,295.8,53.1,N,0
59.2589,-112.5001,408.8,1.1,1,2019-05-29,0517,Terra,MODIS,100,6.3,311.6,341.7,N,0
59.2567,-112.5186,471.5,1.1,1,2019-05-29,0517,Terra,MODIS,100,6.3,328.7,1140.4,N,0
59.2544,-112.5371,392.5,1.1,1,2019-05-29,0517,Terra,MODIS,100,6.3,296.9,231,N,0
59.25,-112.5741,311.9,1.1,1,2019-05-29,0517,Terra,MODIS,18,6.3,285.6,10.9,N,0
59.2858,-112.3556,329.7,1.1,1,2019-05-29,0517,Terra,MODIS,60,6.3,289.6,28.9,N,0
59.2836,-112.3743,322.9,1.1,1,2019-05-29,0517,Terra,MODIS,13,6.3,288.6,18.8,N,0
59.2725,-112.4673,328.6,1.1,1,2019-05-29,0517,Terra,MODIS,82,6.3,291.6,25.9,N,0
59.2702,-112.4858,346.2,1.1,1,2019-05-29,0517,Terra,MODIS,100,6.3,290.3,57.2,N,0
59.268,-112.5044,392.4,1.1,1,2019-05-29,0517,Terra,MODIS,100,6.3,300.6,231.5,N,0
59.2658,-112.5229,471.1,1.1,1,2019-05-29,0517,Terra,MODIS,100,6.3,319.7,1134.6,N,0
59.2635,-112.5414,500,1.1,1,2019-05-29,0517,Terra,MODIS,100,6.3,317.2,1777.4,N,0
59.2613,-112.5598,327.1,1.1,1,2019-05-29,0517,Terra,MODIS,84,6.3,288.7,26.2,N,0
59.2568,-112.5967,312.5,1.1,1,2019-05-29,0517,Terra,MODIS,36,6.3,285.5,12.6,N,0
59.295,-112.3599,328.3,1.1,1,2019-05-29,0517,Terra,MODIS,61,6.3,289.4,27.8,N,0
59.2928,-112.3785,362.6,1.1,1,2019-05-29,0517,Terra,MODIS,100,6.3,293.1,101.7,N,0
59.2905,-112.3971,323.4,1.1,1,2019-05-29,0517,Terra,MODIS,0,6.3,288.9,19.3,N,0
59.2816,-112.4715,324.8,1.1,1,2019-05-29,0517,Terra,MODIS,73,6.3,289.6,21.8,N,0
59.2794,-112.4901,356.8,1.1,1,2019-05-29,0517,Terra,MODIS,100,6.3,293.5,83.8,N,0
59.2771,-112.5086,388.8,1.1,1,2019-05-29,0517,Terra,MODIS,100,6.3,300.7,211.4,N,0
59.2749,-112.5271,463,1.1,1,2019-05-29,0517,Terra,MODIS,100,6.3,313.4,990.5,N,0
59.2726,-112.5456,491,1.1,1,2019-05-29,0517,Terra,MODIS,100,6.3,312.2,1554.6,N,0
59.2704,-112.5641,336.3,1.1,1,2019-05-29,0517,Terra,MODIS,100,6.3,289.4,40.6,N,0
59.2659,-112.601,310.4,1.1,1,2019-05-29,0517,Terra,MODIS,27,6.3,284.9,11,N,0
59.2952,-112.4386,320.4,1.1,1,2019-05-29,0517,Terra,MODIS,77,6.3,288.8,16.2,N,0
59.2907,-112.4758,338,1.1,1,2019-05-29,0517,Terra,MODIS,100,6.3,291.8,41.7,N,0
59.2885,-112.4943,345.3,1.1,1,2019-05-29,0517,Terra,MODIS,100,6.3,289.9,55.6,N,0
59.2862,-112.5128,364.3,1.1,1,2019-05-29,0517,Terra,MODIS,100,6.3,291.7,106.3,N,0
59.284,-112.5314,420.3,1.1,1,2019-05-29,0517,Terra,MODIS,100,6.3,303.5,439.8,N,0
59.2817,-112.5499,485.5,1.1,1,2019-05-29,0517,Terra,MODIS,100,6.3,316.1,1429.4,N,0
59.2795,-112.5683,377.7,1.1,1,2019-05-29,0517,Terra,MODIS,100,6.3,292.6,159.8,N,0
59.2773,-112.5868,309.5,1.1,1,2019-05-29,0517,Terra,MODIS,48,6.3,287,10.3,N,0
59.275,-112.6052,314.5,1.1,1,2019-05-29,0517,Terra,MODIS,89,6.3,285,15.1,N,0
59.3023,-112.4289,322,1.1,1,2019-05-29,0517,Terra,MODIS,96,6.3,288.5,20.3,N,0
59.3001,-112.4476,338.8,1.1,1,2019-05-29,0517,Terra,MODIS,100,6.3,292.1,44.8,N,0
59.2978,-112.4662,349.4,1.1,1,2019-05-29,0517,Terra,MODIS,100,6.3,294.3,65.5,N,0
59.2956,-112.4847,383,1.1,1,2019-05-29,0517,Terra,MODIS,100,6.3,298.1,181.6,N,0
59.2934,-112.5033,346.3,1.1,1,2019-05-29,0517,Terra,MODIS,100,6.3,289.2,57.3,N,0
59.2912,-112.5219,344.4,1.1,1,2019-05-29,0517,Terra,MODIS,100,6.3,287.9,53.7,N,0
59.289,-112.5404,366.5,1.1,1,2019-05-29,0517,Terra,MODIS,100,6.3,291.6,112.4,N,0
59.2868,-112.5589,394,1.1,1,2019-05-29,0517,Terra,MODIS,100,6.3,293.9,239.8,N,0
59.2846,-112.5774,321,1.1,1,2019-05-29,0517,Terra,MODIS,84,6.3,287.9,19,N,0
59.3268,-112.3023,316.8,1.1,1,2019-05-29,0517,Terra,MODIS,35,6.3,285.5,15.9,N,0
59.3246,-112.321,339.4,1.1,1,2019-05-29,0517,Terra,MODIS,100,6.3,289.8,46.4,N,0
59.3224,-112.3398,331.6,1.1,1,2019-05-29,0517,Terra,MODIS,100,6.3,289.7,34.2,N,0
59.3092,-112.4518,400.6,1.1,1,2019-05-29,0517,Terra,MODIS,100,6.3,295.3,285.4,N,0
59.307,-112.4704,477.8,1.1,1,2019-05-29,0517,Terra,MODIS,100,6.3,319.1,1274.5,N,0
59.3048,-112.489,436.9,1.1,1,2019-05-29,0517,Terra,MODIS,100,6.3,306.3,618.3,N,0
59.3026,-112.5076,392.8,1.1,1,2019-05-29,0517,Terra,MODIS,100,6.3,299.4,232.6,N,0
59.3003,-112.5261,342.8,1.1,1,2019-05-29,0517,Terra,MODIS,100,6.3,288.9,49.6,N,0
59.2981,-112.5446,316.8,1.1,1,2019-05-29,0517,Terra,MODIS,41,6.3,287.5,13.2,N,0
59.347,-112.2123,315.7,1.1,1,2019-05-29,0517,Terra,MODIS,92,6.3,285.5,17.6,N,0
59.3448,-112.2312,317.3,1.1,1,2019-05-29,0517,Terra,MODIS,87,6.3,285.1,18.2,N,0
59.3338,-112.3252,315.7,1.1,1,2019-05-29,0517,Terra,MODIS,20,6.3,286.8,12.5,N,0
59.3316,-112.344,319.7,1.1,1,2019-05-29,0517,Terra,MODIS,37,6.3,287.2,17.9,N,0
59.3161,-112.4746,319.1,1.1,1,2019-05-29,0517,Terra,MODIS,98,6.3,287.4,17.8,N,0
59.3139,-112.4932,348.5,1.1,1,2019-05-29,0517,Terra,MODIS,100,6.3,289,64.5,N,0
59.3117,-112.5118,406.7,1.1,1,2019-05-29,0517,Terra,MODIS,100,6.3,295.1,327.3,N,0
59.3095,-112.5303,329.7,1.1,1,2019-05-29,0517,Terra,MODIS,100,6.3,288.5,30.1,N,0
59.305,-112.5674,303.7,1.1,1,2019-05-29,0517,Terra,MODIS,32,6.3,286.9,5.5,N,0
59.343,-112.3294,340.5,1.1,1,2019-05-29,0517,Terra,MODIS,100,6.3,288.4,48.6,N,0
59.3408,-112.3482,322.5,1.1,1,2019-05-29,0517,Terra,MODIS,88,6.3,286.5,21.7,N,0
59.3208,-112.516,300.8,1.1,1,2019-05-29,0517,Terra,MODIS,3,6.3,286.4,3.6,N,0
59.3588,-112.2773,309.7,1.1,1,2019-05-29,0517,Terra,MODIS,52,6.3,284.2,11.3,N,0
59.3499,-112.3524,304.6,1.1,1,2019-05-29,0517,Terra,MODIS,32,6.3,284.3,7.4,N,0
59.3477,-112.3711,302.8,1.1,1,2019-05-29,0517,Terra,MODIS,47,6.3,284.8,6.6,N,0
59.1141,-112.0442,310.3,1.7,1.3,2019-05-29,0920,Aqua,MODIS,80,6.3,284.3,28.6,N,0
59.1162,-112.0742,312.9,1.7,1.3,2019-05-29,0920,Aqua,MODIS,86,6.3,284.2,33.2,N,0
59.1659,-112.2781,310.4,1.8,1.3,2019-05-29,0920,Aqua,MODIS,80,6.3,283.3,29.2,N,0
59.1776,-112.2751,340.3,1.8,1.3,2019-05-29,0920,Aqua,MODIS,100,6.3,284.4,106.4,N,0
59.1797,-112.306,339.1,1.8,1.3,2019-05-29,0920,Aqua,MODIS,100,6.3,285.5,100.4,N,0
59.1819,-112.3369,341.5,1.8,1.3,2019-05-29,0920,Aqua,MODIS,100,6.3,286.2,109.1,N,0
59.1905,-112.4615,312.7,1.8,1.3,2019-05-29,0920,Aqua,MODIS,85,6.3,284.2,30.9,N,0
59.1927,-112.4929,301.4,1.8,1.3,2019-05-29,0920,Aqua,MODIS,33,6.3,283.5,14.2,N,0
59.1958,-112.365,319.2,1.8,1.3,2019-05-29,0920,Aqua,MODIS,72,6.3,285.1,39.2,N,0
59.1979,-112.3961,323.8,1.8,1.3,2019-05-29,0920,Aqua,MODIS,83,6.3,286.6,49.4,N,0
59.2001,-112.4273,324.8,1.8,1.3,2019-05-29,0920,Aqua,MODIS,60,6.3,289,51.6,N,0
59.2023,-112.4587,428.5,1.8,1.3,2019-05-29,0920,Aqua,MODIS,100,6.3,312.4,1108.9,N,0
59.2045,-112.4901,386.9,1.8,1.3,2019-05-29,0920,Aqua,MODIS,100,6.3,291.7,436.2,N,0
59.1736,-112.2708,342.1,1.8,1.3,2019-05-29,0920,Aqua,MODIS,100,6.3,285.1,114.2,N,0
59.1756,-112.3017,344.4,1.8,1.3,2019-05-29,0920,Aqua,MODIS,100,6.3,286.1,120.3,N,0
59.1776,-112.3326,346,1.8,1.3,2019-05-29,0920,Aqua,MODIS,100,6.3,286.5,126,N,0
59.1976,-112.4546,410.1,1.8,1.3,2019-05-29,0920,Aqua,MODIS,100,6.3,294.7,749.3,N,0
59.1996,-112.486,397,1.8,1.3,2019-05-29,0920,Aqua,MODIS,100,6.3,290.8,558.5,N,0
59.2052,-112.389,340.8,1.8,1.3,2019-05-29,0920,Aqua,MODIS,100,6.3,287.7,102.9,N,0
59.2073,-112.4202,341.1,1.8,1.3,2019-05-29,0920,Aqua,MODIS,100,6.3,289.4,101.9,N,0
59.2093,-112.4516,409.8,1.8,1.3,2019-05-29,0920,Aqua,MODIS,100,6.3,303.2,743.3,N,0
59.2114,-112.483,389.6,1.8,1.3,2019-05-29,0920,Aqua,MODIS,100,6.3,294.5,466.7,N,0
59.1898,-111.9883,307.8,1.7,1.3,2019-05-29,0920,Aqua,MODIS,72,6.3,280.5,25.2,N,0
59.219,-112.4173,319.4,1.8,1.3,2019-05-29,0920,Aqua,MODIS,54,6.3,286.6,32.4,N,0
59.2211,-112.4487,318.6,1.8,1.3,2019-05-29,0920,Aqua,MODIS,42,6.3,286.7,36.5,N,0
59.2232,-112.4801,376.5,1.8,1.3,2019-05-29,0920,Aqua,MODIS,100,6.3,293.8,328.9,N,0
59.2252,-112.5116,361.5,1.8,1.3,2019-05-29,0920,Aqua,MODIS,100,6.3,289,218.9,N,0
59.2287,-112.3831,358.3,1.8,1.3,2019-05-29,0920,Aqua,MODIS,100,6.3,291.1,186.7,N,0
59.2308,-112.4144,410.4,1.8,1.3,2019-05-29,0920,Aqua,MODIS,100,6.3,296.6,744.2,N,0
59.2329,-112.4458,360.9,1.8,1.3,2019-05-29,0920,Aqua,MODIS,100,6.3,288.9,202.1,N,0
59.235,-112.4772,345.4,1.8,1.3,2019-05-29,0920,Aqua,MODIS,100,6.3,287.7,125.4,N,0
59.237,-112.5087,311.4,1.8,1.3,2019-05-29,0920,Aqua,MODIS,79,6.3,285.2,27.4,N,0
59.2467,-112.4743,312.1,1.8,1.3,2019-05-29,0920,Aqua,MODIS,66,6.3,284.4,25.1,N,0
59.2488,-112.5058,326.2,1.8,1.3,2019-05-29,0920,Aqua,MODIS,100,6.3,285.7,58.1,N,0
59.25,-112.3461,313.9,1.8,1.3,2019-05-29,0920,Aqua,MODIS,57,6.3,283.2,31.1,N,0
59.2521,-112.3772,307.8,1.8,1.3,2019-05-29,0920,Aqua,MODIS,31,6.3,284,19.6,N,0
59.2834,-112.5865,316.7,1.8,1.3,2019-05-29,0920,Aqua,MODIS,39,6.3,285.5,37.6,N,0
59.2927,-112.3595,303.7,1.8,1.3,2019-05-29,0920,Aqua,MODIS,50,6.3,283.3,17.1,N,0
59.2948,-112.3909,306.2,1.8,1.3,2019-05-29,0920,Aqua,MODIS,33,6.3,283.3,18.8,N,0
59.3127,-112.4823,324.2,1.8,1.3,2019-05-29,0920,Aqua,MODIS,100,6.3,285.5,56.6,N,0
59.3258,-112.3195,311.9,1.8,1.3,2019-05-29,0920,Aqua,MODIS,84,6.3,282.5,30.4,N,0
59.3545,-112.2175,307.1,1.8,1.3,2019-05-29,0920,Aqua,MODIS,70,6.3,281.7,24.8,N,0
59.3505,-112.2134,310.8,1.8,1.3,2019-05-29,0920,Aqua,MODIS,74,6.3,281.9,28.6,N,0
59.2051,-112.3979,316.2,2.4,1.5,2019-05-29,1057,Aqua,MODIS,45,6.3,283.9,54.3,N,0
59.1917,-112.4603,331,2.4,1.5,2019-05-29,1057,Aqua,MODIS,100,6.3,284.9,115.8,N,0
59.202,-112.4974,345.2,2.4,1.5,2019-05-29,1057,Aqua,MODIS,100,6.3,285.1,197.9,N,0
59.2035,-112.4477,343,2.4,1.5,2019-05-29,1057,Aqua,MODIS,100,6.3,287.4,179.7,N,0
59.2139,-112.4849,353.9,2.4,1.5,2019-05-29,1057,Aqua,MODIS,100,6.3,289,260.4,N,0
59.3346,-112.3441,310.5,2.4,1.5,2019-05-29,1057,Aqua,MODIS,80,6.3,280.9,44.9,N,0
59.3267,-112.3566,307.7,2.4,1.5,2019-05-29,1057,Aqua,MODIS,72,6.3,280.9,38.7,N,0
59.3117,-112.4687,307,2.4,1.5,2019-05-29,1057,Aqua,MODIS,41,6.3,282.1,34.6,N,0
59.2407,-112.3599,318.8,2.4,1.5,2019-05-29,1057,Aqua,MODIS,76,6.3,283.7,64,N,0
59.2289,-112.3726,306.7,2.4,1.5,2019-05-29,1057,Aqua,MODIS,20,6.3,282.7,30.7,N,0
59.2376,-112.4597,320.9,2.4,1.5,2019-05-29,1057,Aqua,MODIS,65,6.3,284.1,66.5,N,0
59.2273,-112.4225,326.4,2.4,1.5,2019-05-29,1057,Aqua,MODIS,82,6.3,286.7,87,N,0
59.2258,-112.4723,333.4,2.4,1.5,2019-05-29,1057,Aqua,MODIS,100,6.3,285.2,120.1,N,0
59.2242,-112.5219,318.8,2.4,1.5,2019-05-29,1057,Aqua,MODIS,97,6.3,284.4,66.3,N,0
59.2129,-112.4876,343.8,1,1,2019-05-29,1845,Terra,MODIS,79,6.3,293.1,43,D,0
59.206,-112.4336,350,1,1,2019-05-29,1845,Terra,MODIS,86,6.3,297.2,53.8,D,0
59.2037,-112.4157,422.9,1,1,2019-05-29,1845,Terra,MODIS,100,6.3,312,435.3,D,0
59.2014,-112.3978,343.3,1,1,2019-05-29,1845,Terra,MODIS,77,6.3,300.7,39,D,0
59.1991,-112.3799,338.3,1,1,2019-05-29,1845,Terra,MODIS,74,6.3,300,30.7,D,0
59.1527,-112.0245,342.1,1,1,2019-05-29,1845,Terra,MODIS,92,6.3,299.4,40.7,D,0
59.2085,-112.5279,339,1.1,1,2019-05-29,1845,Terra,MODIS,91,6.3,292.9,38.4,D,0
59.2062,-112.5099,357.6,1.1,1,2019-05-29,1845,Terra,MODIS,99,6.3,297.1,78.1,D,0
59.2039,-112.4919,351.3,1,1,2019-05-29,1845,Terra,MODIS,96,6.3,296.3,60.7,D,0
59.2016,-112.4739,330,1,1,2019-05-29,1845,Terra,MODIS,31,6.3,294.1,21.3,D,0
59.1993,-112.4559,328.5,1,1,2019-05-29,1845,Terra,MODIS,33,6.3,291.8,20.5,D,0
59.197,-112.438,418,1,1,2019-05-29,1845,Terra,MODIS,100,6.3,308,396.7,D,0
59.1947,-112.42,403.5,1,1,2019-05-29,1845,Terra,MODIS,100,6.3,303.5,284.3,D,0
59.1924,-112.4021,450.4,1,1,2019-05-29,1845,Terra,MODIS,100,6.3,311.2,755.4,D,0
59.1901,-112.3842,424.9,1,1,2019-05-29,1845,Terra,MODIS,100,6.3,307.6,458.4,D,0
59.1878,-112.3663,340.3,1,1,2019-05-29,1845,Terra,MODIS,81,6.3,298.3,37.3,D,0
59.1855,-112.3484,327.4,1,1,2019-05-29,1845,Terra,MODIS,48,6.3,298.7,18.9,D,0
59.2018,-112.5502,409.3,1.1,1,2019-05-29,1845,Terra,MODIS,100,6.3,301.6,334.2,D,0
59.1995,-112.5321,431.3,1.1,1,2019-05-29,1845,Terra,MODIS,100,6.3,311.1,532.5,D,0
59.1972,-112.5141,370.4,1.1,1,2019-05-29,1845,Terra,MODIS,100,6.3,298.4,121.8,D,0
59.1949,-112.4962,353.7,1,1,2019-05-29,1845,Terra,MODIS,97,6.3,296.2,70.2,D,0
59.1926,-112.4782,377.7,1,1,2019-05-29,1845,Terra,MODIS,100,6.3,297.8,149.8,D,0
59.1903,-112.4602,328,1,1,2019-05-29,1845,Terra,MODIS,84,6.3,291.7,24,D,0
59.1765,-112.3527,348.1,1,1,2019-05-29,1845,Terra,MODIS,95,6.3,294.7,56.6,D,0
59.1742,-112.3348,339.8,1,1,2019-05-29,1845,Terra,MODIS,91,6.3,295.3,40,D,0
59.1719,-112.317,386.4,1,1,2019-05-29,1845,Terra,MODIS,100,6.3,300.3,187.5,D,0
59.1696,-112.2992,349.2,1,1,2019-05-29,1845,Terra,MODIS,95,6.3,296.1,59,D,0
59.1673,-112.2813,337.6,1,1,2019-05-29,1845,Terra,MODIS,90,6.3,295.1,36.5,D,0
59.1905,-112.5364,308.8,1.1,1,2019-05-29,1845,Terra,MODIS,57,6.3,291.9,6.3,D,0
59.1128,-112.0817,361,1,1,2019-05-29,1845,Terra,MODIS,94,6.3,296.8,85.5,D,0
59.2306,-112.4028,347.5,1,1,2019-05-29,1845,Terra,MODIS,94,6.3,302.8,43.6,D,0
59.346,-112.3725,322.6,1,1,2019-05-29,1845,Terra,MODIS,33,6.3,295.1,15.9,D,0
59.355,-112.3681,365.4,1,1,2019-05-29,1845,Terra,MODIS,100,6.3,298.7,103.3,D,0
59.3573,-112.3862,324.2,1,1,2019-05-29,1845,Terra,MODIS,65,6.3,294.2,18.5,D,0
59.3684,-112.3234,328.1,1,1,2019-05-29,1845,Terra,MODIS,85,6.3,295.2,23.3,D,0
59.2342,-112.3751,333.5,1,1,2019-05-29,1845,Terra,MODIS,68,6.3,298.8,22.9,D,0
59.2365,-112.393,373,1,1,2019-05-29,1845,Terra,MODIS,100,6.3,303.5,121.1,D,0
59.2409,-112.3528,334.9,1,1,2019-05-29,1845,Terra,MODIS,80,6.3,297.5,26.2,D,0
59.2432,-112.3708,328.3,1,1,2019-05-29,1845,Terra,MODIS,41,6.3,299.1,15.1,D,0
59.2455,-112.3887,387.3,1,1,2019-05-29,1845,Terra,MODIS,100,6.3,304.4,183.8,D,0
59.2478,-112.4067,326.5,1,1,2019-05-29,1845,Terra,MODIS,66,6.3,296.1,12,D,0
59.2609,-112.2861,330.6,1,1,2019-05-29,1845,Terra,MODIS,86,6.3,299,21.5,D,0
59.2632,-112.304,346.4,1,1,2019-05-29,1845,Terra,MODIS,94,6.3,299,48.8,D,0
59.2862,-112.4838,404.6,1.1,1,2019-05-29,1845,Terra,MODIS,100,6.3,305.5,289.4,D,0
59.2885,-112.5019,396.9,1.1,1,2019-05-29,1845,Terra,MODIS,100,6.3,301.2,241,D,0
59.2722,-112.2996,328.9,1,1,2019-05-29,1845,Terra,MODIS,85,6.3,299.4,19,D,0
59.2768,-112.3355,347.6,1,1,2019-05-29,1845,Terra,MODIS,95,6.3,300.3,48.8,D,0
59.2791,-112.3534,385.2,1,1,2019-05-29,1845,Terra,MODIS,100,6.3,305.6,175.3,D,0
59.2814,-112.3714,370.4,1,1,2019-05-29,1845,Terra,MODIS,100,6.3,304.7,113.7,D,0
59.2837,-112.3894,375.4,1,1,2019-05-29,1845,Terra,MODIS,100,6.3,302,132.9,D,0
59.2417,-111.9927,332.3,1,1,2019-05-29,1845,Terra,MODIS,76,6.3,295,28.8,D,0
59.2858,-112.3312,354.3,1,1,2019-05-29,1845,Terra,MODIS,97,6.3,300.7,66.1,D,0
59.2881,-112.3491,382.7,1,1,2019-05-29,1845,Terra,MODIS,100,6.3,305.6,165.6,D,0
59.2904,-112.3671,363.9,1,1,2019-05-29,1845,Terra,MODIS,100,6.3,301.3,94.9,D,0
59.2927,-112.3851,370.3,1,1,2019-05-29,1845,Terra,MODIS,100,6.3,300.3,116.6,D,0
59.295,-112.4031,359.8,1,1,2019-05-29,1845,Terra,MODIS,99,6.3,296.3,83.8,D,0
59.3089,-112.5113,331.6,1.1,1,2019-05-29,1845,Terra,MODIS,43,6.3,292.8,27.9,D,0
59.2994,-112.3628,331,1,1,2019-05-29,1845,Terra,MODIS,62,6.3,297,24.4,D,0
59.3061,-112.3405,344,1,1,2019-05-29,1845,Terra,MODIS,93,6.3,296.2,46.9,D,0
59.3084,-112.3584,333.9,1,1,2019-05-29,1845,Terra,MODIS,88,6.3,296.1,30.5,D,0
59.3081,-112.2823,326.9,1,1,2019-05-29,1845,Terra,MODIS,49,6.3,298,19.3,D,0
59.3127,-112.3182,322.3,1,1,2019-05-29,1845,Terra,MODIS,48,6.3,297.4,15.3,D,0
59.315,-112.3361,356.7,1,1,2019-05-29,1845,Terra,MODIS,98,6.3,301.2,78.2,D,0
59.3174,-112.3541,345.3,1,1,2019-05-29,1845,Terra,MODIS,94,6.3,298,50.7,D,0
59.3197,-112.3721,386.6,1,1,2019-05-29,1845,Terra,MODIS,100,6.3,304.2,190.9,D,0
59.322,-112.3901,346.6,1,1,2019-05-29,1845,Terra,MODIS,94,6.3,294.9,56,D,0
59.3166,-112.2912,328.9,1,1,2019-05-29,1845,Terra,MODIS,38,6.3,298.1,17.9,D,0
59.3258,-112.3631,396.6,1,1,2019-05-29,1845,Terra,MODIS,100,6.3,305,242,D,0
59.3281,-112.3811,413.7,1,1,2019-05-29,1845,Terra,MODIS,94,6.3,305.5,364.2,D,0
59.3279,-112.3048,331.9,1,1,2019-05-29,1845,Terra,MODIS,67,6.3,297.4,21.3,D,0
59.3302,-112.3228,335.3,1,1,2019-05-29,1845,Terra,MODIS,58,6.3,297.5,26,D,0
59.3325,-112.3408,380.8,1,1,2019-05-29,1845,Terra,MODIS,100,6.3,300.6,154.7,D,0
59.3391,-112.3184,349.4,1,1,2019-05-29,1845,Terra,MODIS,96,6.3,298.7,54.7,D,0
59.3414,-112.3364,345.6,1,1,2019-05-29,1845,Terra,MODIS,94,6.3,298.3,47.7,D,0
59.2378,-112.533,320.1,1.1,1,2019-05-29,1845,Terra,MODIS,37,6.3,291.5,15.5,D,0
59.2355,-112.515,344.3,1.1,1,2019-05-29,1845,Terra,MODIS,67,6.3,295.9,47.5,D,0
59.224,-112.425,358.7,1,1,2019-05-29,1845,Terra,MODIS,99,6.3,300.3,74.3,D,0
59.2216,-112.4071,394,1,1,2019-05-29,1845,Terra,MODIS,100,6.3,304.1,217.3,D,0
59.2124,-112.3354,326.2,1,1,2019-05-29,1845,Terra,MODIS,46,6.3,296.3,15.4,D,0
59.1729,-112.0334,349.7,1,1,2019-05-29,1845,Terra,MODIS,96,6.3,300.4,56.7,D,0
59.1706,-112.0157,324.5,1,1,2019-05-29,1845,Terra,MODIS,30,6.3,296.9,15.9,D,0
59.2311,-112.5553,365.7,1.1,1,2019-05-29,1845,Terra,MODIS,100,6.3,295.6,106.3,D,0
59.2288,-112.5373,373.8,1.1,1,2019-05-29,1845,Terra,MODIS,100,6.3,301,133.7,D,0
59.2127,-112.4114,346.3,1,1,2019-05-29,1845,Terra,MODIS,90,6.3,303.8,47.1,D,0
59.164,-112.0377,353.1,1,1,2019-05-29,1845,Terra,MODIS,97,6.3,299.3,62.7,D,0
59.2198,-112.5416,367.1,1.1,1,2019-05-29,1845,Terra,MODIS,100,6.3,293.8,110.1,D,0
59.2175,-112.5236,380.4,1.1,1,2019-05-29,1845,Terra,MODIS,100,6.3,296.6,158.1,D,0
59.2885,-112.4601,324.7,3.3,1.7,2019-05-29,1857,Aqua,MODIS,56,6.3,289.6,89.2,D,0
59.1627,-112.0253,322.5,3.2,1.7,2019-05-29,1857,Aqua,MODIS,75,6.3,292,86.3,D,0
59.1603,-112.0251,321.7,3.2,1.7,2019-05-29,1857,Aqua,MODIS,64,6.3,291.7,77.6,D,0
59.175,-112.3778,312.2,3.3,1.7,2019-05-29,1857,Aqua,MODIS,19,6.3,290.6,41.7,D,0
59.1881,-112.3939,377.1,3.3,1.7,2019-05-29,1857,Aqua,MODIS,100,6.3,295.5,774.4,D,0
59.1725,-112.4433,338.1,3.3,1.7,2019-05-29,1857,Aqua,MODIS,79,6.3,289.8,206.1,D,0
59.2012,-112.41,328.9,3.3,1.7,2019-05-29,1857,Aqua,MODIS,85,6.3,292.9,126.8,D,0
59.1856,-112.4594,334.3,3.3,1.7,2019-05-29,1857,Aqua,MODIS,84,6.3,289.9,173.9,D,0
59.1845,-112.3977,372.7,3.3,1.7,2019-05-29,1857,Aqua,MODIS,100,6.3,295,675.5,D,0
59.1976,-112.4138,349.4,3.3,1.7,2019-05-29,1857,Aqua,MODIS,80,6.3,293.6,290.7,D,0
59.2263,-112.3808,337.1,3.3,1.7,2019-05-29,1857,Aqua,MODIS,44,6.3,292.5,159.1,D,0
59.2107,-112.4298,355.5,3.3,1.7,2019-05-29,1857,Aqua,MODIS,97,6.3,293.2,362.8,D,0
59.1923,-112.5446,370.8,3.3,1.7,2019-05-29,1857,Aqua,MODIS,0,6.3,291,639.3,D,0
59.2679,-112.364,332.7,3.2,1.7,2019-05-29,1857,Aqua,MODIS,63,6.3,295.6,124.6,D,0
59.2212,-112.5112,341.5,3.3,1.7,2019-05-29,1857,Aqua,MODIS,37,6.3,290.4,198.7,D,0
59.2054,-112.5608,340,3.3,1.7,2019-05-29,1857,Aqua,MODIS,43,6.3,286.9,205.9,D,0
59.281,-112.38,343.6,3.2,1.7,2019-05-29,1857,Aqua,MODIS,83,6.3,294.2,214.9,D,0
59.3093,-112.3473,340.8,3.2,1.7,2019-05-29,1857,Aqua,MODIS,67,6.3,293.1,186.1,D,0
59.3223,-112.3633,373.1,3.2,1.7,2019-05-29,1857,Aqua,MODIS,100,6.3,294.8,643.6,D,0
59.3071,-112.412,342.4,3.2,1.7,2019-05-29,1857,Aqua,MODIS,93,6.3,290.4,204.3,D,0
59.2762,-112.5102,353.8,3.3,1.7,2019-05-29,1857,Aqua,MODIS,97,6.3,293.8,353.3,D,0
59.2779,-112.3794,348.9,3.2,1.7,2019-05-29,1857,Aqua,MODIS,96,6.3,295,272.2,D,0
59.2308,-112.5261,332,3.3,1.7,2019-05-29,1857,Aqua,MODIS,53,6.3,290.5,139.7,D,0
59.3065,-112.3469,339.9,3.2,1.7,2019-05-29,1857,Aqua,MODIS,70,6.3,293.3,185.3,D,0
59.3195,-112.3628,366.6,3.2,1.7,2019-05-29,1857,Aqua,MODIS,100,6.3,294.7,537.3,D,0
59.3041,-112.4113,328.7,3.2,1.7,2019-05-29,1857,Aqua,MODIS,59,6.3,290.1,107.5,D,0
59.2728,-112.5091,349.1,3.3,1.7,2019-05-29,1857,Aqua,MODIS,96,6.3,294.5,308,D,0
59.3325,-112.3788,328,3.2,1.7,2019-05-29,1857,Aqua,MODIS,18,6.3,290.7,114.5,D,0
59.3456,-112.3948,325.5,3.2,1.7,2019-05-29,1857,Aqua,MODIS,40,6.3,290.2,108.2,D,0
59.1958,-112.5547,335.6,4.4,1.9,2019-05-29,2022,Terra,MODIS,45,6.3,285.8,282,D,0
59.2113,-112.5289,381,4.4,1.9,2019-05-29,2022,Terra,MODIS,89,6.3,279.4,1270.7,D,0
59.1872,-112.4718,343.1,4.4,1.9,2019-05-29,2022,Terra,MODIS,64,6.3,283.3,355.3,D,0
59.21,-112.535,370.3,4.4,1.9,2019-05-29,2022,Terra,MODIS,89,6.3,280.7,939.9,D,0
59.1883,-112.466,343.9,4.4,1.9,2019-05-29,2022,Terra,MODIS,80,6.3,281.2,361.9,D,0
59.1812,-112.3907,337,1.3,1.1,2019-05-29,2035,Aqua,MODIS,24,6.3,291.5,46.1,D,0
59.1912,-112.3944,341.5,1.3,1.1,2019-05-29,2035,Aqua,MODIS,60,6.3,288.4,54,D,0
59.1891,-112.4169,341,1.3,1.1,2019-05-29,2035,Aqua,MODIS,65,6.3,286.9,53.7,D,0
59.2056,-112.3528,332.9,1.3,1.1,2019-05-29,2035,Aqua,MODIS,67,6.3,286.2,37.7,D,0
59.197,-112.443,323.1,1.3,1.1,2019-05-29,2035,Aqua,MODIS,36,6.3,289.3,20,D,0
59.1926,-112.4879,364.4,1.3,1.1,2019-05-29,2035,Aqua,MODIS,100,6.3,301.1,132.5,D,0
59.1905,-112.5103,362.9,1.3,1.1,2019-05-29,2035,Aqua,MODIS,94,6.3,302.3,126,D,0
59.1883,-112.5327,350.6,1.3,1.1,2019-05-29,2035,Aqua,MODIS,83,6.3,300.9,83.4,D,0
59.2179,-112.3338,354.2,1.3,1.1,2019-05-29,2035,Aqua,MODIS,97,6.3,289.6,95.8,D,0
59.2157,-112.3564,366,1.3,1.1,2019-05-29,2035,Aqua,MODIS,100,6.3,289.6,142,D,0
59.2114,-112.4016,353.5,1.3,1.1,2019-05-29,2035,Aqua,MODIS,97,6.3,295.4,89.3,D,0
59.2027,-112.4916,393.1,1.3,1.1,2019-05-29,2035,Aqua,MODIS,100,6.3,304.5,298.4,D,0
59.2005,-112.514,431.6,1.3,1.1,2019-05-29,2035,Aqua,MODIS,100,6.3,323.6,714.4,D,0
59.1983,-112.5363,408.9,1.3,1.1,2019-05-29,2035,Aqua,MODIS,100,6.3,313.9,439.7,D,0
59.1961,-112.5586,404.6,1.3,1.1,2019-05-29,2035,Aqua,MODIS,94,6.3,306.6,398.4,D,0
59.2214,-112.4053,368.7,1.3,1.1,2019-05-29,2035,Aqua,MODIS,100,6.3,295.2,146.6,D,0
59.2192,-112.4278,367.6,1.3,1.1,2019-05-29,2035,Aqua,MODIS,100,6.3,297.2,140.5,D,0
59.2127,-112.4952,347,1.3,1.1,2019-05-29,2035,Aqua,MODIS,94,6.3,292.1,63.6,D,0
59.2105,-112.5176,433.3,1.3,1.1,2019-05-29,2035,Aqua,MODIS,100,6.3,305.8,737.6,D,0
59.2083,-112.54,416.8,1.3,1.1,2019-05-29,2035,Aqua,MODIS,100,6.3,301.8,524.1,D,0
59.2181,-112.4091,376.5,1.3,1.1,2019-05-29,2035,Aqua,MODIS,100,6.3,299.8,188.3,D,0
59.216,-112.4316,342.9,1.3,1.1,2019-05-29,2035,Aqua,MODIS,76,6.3,297.2,52.2,D,0
59.2096,-112.4991,389.3,1.3,1.1,2019-05-29,2035,Aqua,MODIS,100,6.3,301.2,267.4,D,0
59.2075,-112.5215,443.3,1.3,1.1,2019-05-29,2035,Aqua,MODIS,100,6.3,325.3,897.8,D,0
59.2054,-112.5439,389,1.3,1.1,2019-05-29,2035,Aqua,MODIS,100,6.3,306.8,269.5,D,0
59.2175,-112.5252,386.8,1.3,1.1,2019-05-29,2035,Aqua,MODIS,100,6.3,293.1,251.1,D,0
59.2154,-112.5476,412.8,1.3,1.1,2019-05-29,2035,Aqua,MODIS,100,6.3,300.4,478.2,D,0
59.2403,-112.3938,393,1.3,1.1,2019-05-29,2035,Aqua,MODIS,100,6.3,296.1,300.4,D,0
59.2382,-112.4164,375.8,1.3,1.1,2019-05-29,2035,Aqua,MODIS,100,6.3,296.8,186.8,D,0
59.2276,-112.5289,338.3,1.3,1.1,2019-05-29,2035,Aqua,MODIS,52,6.3,287.7,47,D,0
59.2254,-112.5513,347.5,1.3,1.1,2019-05-29,2035,Aqua,MODIS,69,6.3,289.8,72.7,D,0
59.277,-112.3366,329.3,1.3,1.1,2019-05-29,2035,Aqua,MODIS,63,6.3,283.5,26.6,D,0
59.2849,-112.363,332.4,1.3,1.1,2019-05-29,2035,Aqua,MODIS,69,6.3,285.3,30.4,D,0
59.2828,-112.3857,336.9,1.3,1.1,2019-05-29,2035,Aqua,MODIS,52,6.3,285.6,39.9,D,0
59.295,-112.3667,345.9,1.3,1.1,2019-05-29,2035,Aqua,MODIS,70,6.3,281.8,60.1,D,0
59.2929,-112.3894,387.8,1.3,1.1,2019-05-29,2035,Aqua,MODIS,94,6.3,287.9,257.8,D,0
59.2907,-112.4121,399.3,1.3,1.1,2019-05-29,2035,Aqua,MODIS,100,6.3,293.9,349.1,D,0
59.282,-112.5024,360,1.3,1.1,2019-05-29,2035,Aqua,MODIS,99,6.3,290.2,116.3,D,0
59.3029,-112.393,354,1.3,1.1,2019-05-29,2035,Aqua,MODIS,70,6.3,269.1,83.5,D,0
59.3008,-112.4157,435.5,1.3,1.1,2019-05-29,2035,Aqua,MODIS,94,6.3,288.4,777.8,D,0
59.3103,-112.5201,334.8,1.3,1.1,2019-05-29,2035,Aqua,MODIS,75,6.3,272.2,46.1,D,0
59.1083,-112.0741,354.5,1.3,1.1,2019-05-29,2035,Aqua,MODIS,85,6.3,297.5,101.1,D,0
59.1061,-112.0971,341,1.3,1.1,2019-05-29,2035,Aqua,MODIS,87,6.3,296.1,60.9,D,0
59.1184,-112.0778,364.7,1.3,1.1,2019-05-29,2035,Aqua,MODIS,100,6.3,298.5,141.3,D,0
59.1163,-112.1008,346.8,1.3,1.1,2019-05-29,2035,Aqua,MODIS,94,6.3,294.9,75.3,D,0
59.1554,-112.0194,324.8,1.3,1.1,2019-05-29,2035,Aqua,MODIS,29,6.3,298.6,21,D,0
59.1635,-112.0461,334.8,1.3,1.1,2019-05-29,2035,Aqua,MODIS,51,6.3,299.2,35.7,D,0
59.1417,-112.2752,349.6,1.3,1.1,2019-05-29,2035,Aqua,MODIS,90,6.3,295.3,85.7,D,0
59.1726,-112.0329,340.9,1.3,1.1,2019-05-29,2035,Aqua,MODIS,80,6.3,300.5,53.2,D,0
59.1515,-112.2628,350.4,1.3,1.1,2019-05-29,2035,Aqua,MODIS,96,6.3,293.9,86.1,D,0
59.1494,-112.2855,395.5,1.3,1.1,2019-05-29,2035,Aqua,MODIS,100,6.3,300.6,330.6,D,0
59.1674,-112.3155,328.8,1.3,1.1,2019-05-29,2035,Aqua,MODIS,85,6.3,292.1,33.5,D,0
59.1754,-112.3419,322.9,1.3,1.1,2019-05-29,2035,Aqua,MODIS,63,6.3,292.1,23.8,D,0
59.1732,-112.3645,331,1.3,1.1,2019-05-29,2035,Aqua,MODIS,86,6.3,293.3,38.5,D,0
59.1833,-112.3681,339.7,1.3,1.1,2019-05-29,2035,Aqua,MODIS,56,6.3,294.1,52.8,D,0
59.233,-112.5482,316.7,1.8,1.3,2019-05-30,0422,Terra,MODIS,38,6.3,283.2,34.4,N,0
59.1472,-112.3261,308.4,1.7,1.3,2019-05-30,0422,Terra,MODIS,44,6.3,282.1,22.3,N,0
59.171,-112.2802,327.1,1.7,1.3,2019-05-30,0422,Terra,MODIS,86,6.3,280.6,59.5,N,0
59.1787,-112.3951,316.7,1.8,1.3,2019-05-30,0422,Terra,MODIS,65,6.3,284.9,35.2,N,0
59.1894,-112.4049,326.6,1.8,1.3,2019-05-30,0422,Terra,MODIS,68,6.3,286.8,55.8,N,0
59.1826,-112.4329,325.8,1.8,1.3,2019-05-30,0422,Terra,MODIS,80,6.3,286.3,53.9,N,0
59.1932,-112.4427,322.5,1.8,1.3,2019-05-30,0422,Terra,MODIS,100,6.3,285.4,46.4,N,0
59.1865,-112.4708,342.7,1.8,1.3,2019-05-30,0422,Terra,MODIS,100,6.3,286.4,111.1,N,0
59.2306,-112.3409,335.2,1.7,1.3,2019-05-30,0422,Terra,MODIS,100,6.3,285,85.1,N,0
59.1904,-112.5087,422.8,1.8,1.3,2019-05-30,0422,Terra,MODIS,100,6.3,301.1,961.7,N,0
59.2411,-112.3507,378.2,1.7,1.3,2019-05-30,0422,Terra,MODIS,100,6.3,288.8,331.4,N,0
59.2345,-112.3785,344.4,1.7,1.3,2019-05-30,0422,Terra,MODIS,100,6.3,285,116,N,0
59.201,-112.5186,346,1.8,1.3,2019-05-30,0422,Terra,MODIS,100,6.3,286.8,122.5,N,0
59.1942,-112.5468,398.3,1.8,1.3,2019-05-30,0422,Terra,MODIS,100,6.3,293.5,558.6,N,0
59.2049,-112.5567,332.7,1.8,1.3,2019-05-30,0422,Terra,MODIS,100,6.3,285.2,74.4,N,0
59.1981,-112.585,317.5,1.8,1.3,2019-05-30,0422,Terra,MODIS,93,6.3,282.9,38.5,N,0
59.2223,-112.5383,321.1,1.8,1.3,2019-05-30,0422,Terra,MODIS,46,6.3,285.1,42.1,N,0
59.2156,-112.5666,334.6,1.8,1.3,2019-05-30,0422,Terra,MODIS,77,6.3,285.4,79.1,N,0
59.1162,-112.091,301.7,1.7,1.3,2019-05-30,0422,Terra,MODIS,44,6.3,281.5,17.3,N,0
59.2178,-112.5395,325.3,1.8,1.3,2019-05-30,0422,Terra,MODIS,81,6.3,285.7,54,N,0
59.2109,-112.5676,323.2,1.8,1.3,2019-05-30,0422,Terra,MODIS,42,6.3,285.1,48,N,0
59.2284,-112.5493,317.3,1.8,1.3,2019-05-30,0422,Terra,MODIS,91,6.3,283.8,38.4,N,0
59.3035,-112.3458,322.9,1.7,1.3,2019-05-30,0422,Terra,MODIS,100,6.3,283,47.9,N,0
59.366,-112.1365,326.9,1.7,1.3,2019-05-30,0422,Terra,MODIS,100,6.3,281,61.8,N,0
59.3596,-112.1637,303.1,1.7,1.3,2019-05-30,0422,Terra,MODIS,53,6.3,281,18.2,N,0
59.3532,-112.1908,314.5,1.7,1.3,2019-05-30,0422,Terra,MODIS,89,6.3,282.4,34.2,N,0
59.3074,-112.3832,315.3,1.7,1.3,2019-05-30,0422,Terra,MODIS,59,6.3,283.4,31.7,N,0
59.2604,-112.5789,304.2,1.8,1.3,2019-05-30,0422,Terra,MODIS,30,6.3,281.6,17.6,N,0
59.3311,-112.3376,316.9,1.7,1.3,2019-05-30,0422,Terra,MODIS,49,6.3,283.4,33.7,N,0
59.3246,-112.3653,345.7,1.7,1.3,2019-05-30,0422,Terra,MODIS,100,6.3,285.1,119.1,N,0
59.3612,-112.2648,306.5,1.7,1.3,2019-05-30,0422,Terra,MODIS,41,6.3,281.6,19.9,N,0
59.3417,-112.3474,314.3,1.7,1.3,2019-05-30,0422,Terra,MODIS,89,6.3,282.1,30.8,N,0
59.2817,-112.5987,311.9,1.8,1.3,2019-05-30,0422,Terra,MODIS,45,6.3,282.4,28.5,N,0
59.3522,-112.3571,343.9,1.7,1.3,2019-05-30,0422,Terra,MODIS,100,6.3,284.4,113.4,N,0
59.3125,-112.5241,328.3,1.8,1.3,2019-05-30,0422,Terra,MODIS,100,6.3,283.5,64.3,N,0
59.3058,-112.5522,306.7,1.8,1.3,2019-05-30,0422,Terra,MODIS,39,6.3,282,20.6,N,0
59.3562,-112.3945,340.4,1.7,1.3,2019-05-30,0422,Terra,MODIS,100,6.3,284.3,102.9,N,0
59.3589,-112.3701,345.8,1.7,1.3,2019-05-30,0422,Terra,MODIS,100,6.3,284.8,125.3,N,0
59.3523,-112.3977,338.9,1.7,1.3,2019-05-30,0422,Terra,MODIS,100,6.3,285.1,98.6,N,0
59.1948,-112.5247,371.2,2.5,1.5,2019-05-30,0600,Terra,MODIS,100,6.3,284.9,466.4,N,0
59.1932,-112.5693,331.8,2.5,1.5,2019-05-30,0600,Terra,MODIS,72,6.3,281,123.1,N,0
59.2071,-112.5712,308.2,2.5,1.5,2019-05-30,0600,Terra,MODIS,23,6.3,280,39.5,N,0
59.2429,-112.35,300.5,2.6,1.5,2019-05-30,0600,Terra,MODIS,29,6.3,279.9,27.5,N,0
59.3127,-112.5013,300.4,2.5,1.5,2019-05-30,0600,Terra,MODIS,26,6.3,279.7,26.8,N,0
59.3111,-112.5462,304.8,2.5,1.5,2019-05-30,0600,Terra,MODIS,62,6.3,279.4,37.1,N,0
59.3594,-112.3709,306.4,2.6,1.5,2019-05-30,0600,Terra,MODIS,38,6.3,279.4,37.9,N,0
59.3577,-112.4165,305.2,2.6,1.5,2019-05-30,0600,Terra,MODIS,34,6.3,279.6,35.2,N,0
59.3504,-112.3767,318.8,2.6,1.5,2019-05-30,0600,Terra,MODIS,98,6.3,280.2,75.5,N,0
59.1909,-112.4722,340.9,2.5,1.5,2019-05-30,0600,Terra,MODIS,100,6.3,282.3,176.7,N,0
59.1892,-112.517,395.5,2.5,1.5,2019-05-30,0600,Terra,MODIS,100,6.3,288.9,880.6,N,0
59.2013,-112.5635,321.9,2.5,1.5,2019-05-30,0600,Terra,MODIS,54,6.3,280.4,78.5,N,0
59.1825,-112.4778,322.2,2.5,1.5,2019-05-30,0600,Terra,MODIS,54,6.3,281.6,80.1,N,0
59.181,-112.5226,362.9,2.5,1.5,2019-05-30,0600,Terra,MODIS,100,6.3,285.1,367.4,N,0
59.1964,-112.4798,321.3,2.5,1.5,2019-05-30,0600,Terra,MODIS,32,6.3,280.8,74.1,N,0
59.1599,-112.007,317.6,1,1,2019-05-30,1003,Aqua,MODIS,95,6.3,276,20.6,N,0
59.1944,-112.4114,312.4,1,1,2019-05-30,1003,Aqua,MODIS,39,6.3,279.1,13.7,N,0
59.1891,-112.3776,302.9,1,1,2019-05-30,1003,Aqua,MODIS,35,6.3,277.5,8.6,N,0
59.1935,-112.4671,344.4,1,1,2019-05-30,1003,Aqua,MODIS,100,6.3,279.3,51.7,N,0
59.1925,-112.5229,394.8,1,1,2019-05-30,1003,Aqua,MODIS,100,6.3,288.9,222.6,N,0
59.19,-112.506,381.9,1,1,2019-05-30,1003,Aqua,MODIS,100,6.3,286.8,160.2,N,0
59.1535,-112.2693,313.2,1,1,2019-05-30,1003,Aqua,MODIS,87,6.3,279.8,16,N,0
59.1854,-112.534,344,1,1,2019-05-30,1003,Aqua,MODIS,100,6.3,279.1,54.9,N,0
59.1828,-112.517,403.3,1,1,2019-05-30,1003,Aqua,MODIS,100,6.3,297.3,277.6,N,0
59.1803,-112.5001,414.4,1,1,2019-05-30,1003,Aqua,MODIS,100,6.3,298.9,354,N,0
59.1777,-112.4832,333.3,1,1,2019-05-30,1003,Aqua,MODIS,100,6.3,279.2,36.1,N,0
59.1716,-112.5051,357,1,1,2019-05-30,1003,Aqua,MODIS,100,6.3,279.2,81.8,N,0
59.169,-112.4882,399.3,1,1,2019-05-30,1003,Aqua,MODIS,100,6.3,286.9,253.5,N,0
59.1625,-112.0239,305.2,1,1,2019-05-30,1003,Aqua,MODIS,63,6.3,274.6,11.2,N,0
59.3163,-112.4644,301.6,1,1,2019-05-30,1003,Aqua,MODIS,43,6.3,274.7,8.9,N,0
59.3519,-112.3883,308,1,1,2019-05-30,1003,Aqua,MODIS,73,6.3,275,12.5,N,0
59.359,-112.3771,308.6,1,1,2019-05-30,1003,Aqua,MODIS,41,6.3,275.4,12.2,N,0
59.3616,-112.394,304.4,1,1,2019-05-30,1003,Aqua,MODIS,17,6.3,275,9.6,N,0
59.1664,-112.4713,305.5,1,1,2019-05-30,1003,Aqua,MODIS,64,6.3,276.9,10.7,N,0
59.355,-112.374,321.2,1.4,1.2,2019-05-30,1928,Terra,MODIS,69,6.3,290.9,29.5,D,0
59.3602,-112.3975,316.9,1.4,1.2,2019-05-30,1928,Terra,MODIS,69,6.3,288.2,23.8,D,0
59.3503,-112.4057,314.7,1.4,1.2,2019-05-30,1928,Terra,MODIS,46,6.3,283.1,18.7,D,0
59.2968,-112.2902,321.6,1.5,1.2,2019-05-30,1928,Terra,MODIS,64,6.3,287.6,25.1,D,0
59.313,-112.4716,324.6,1.4,1.2,2019-05-30,1928,Terra,MODIS,74,6.3,289.8,34.2,D,0
59.158,-112.0377,315,1.5,1.2,2019-05-30,1928,Terra,MODIS,56,6.3,293.6,16.5,D,0
59.1526,-112.0135,319.9,1.5,1.2,2019-05-30,1928,Terra,MODIS,80,6.3,291.4,26.5,D,0
59.1692,-112.3184,320.2,1.5,1.2,2019-05-30,1928,Terra,MODIS,38,6.3,289.3,25.8,D,0
59.1904,-112.4682,354.6,1.4,1.2,2019-05-30,1928,Terra,MODIS,98,6.3,294.4,111.7,D,0
59.1853,-112.4448,332,1.5,1.2,2019-05-30,1928,Terra,MODIS,42,6.3,287.7,41.4,D,0
59.1908,-112.5233,347.7,1.4,1.2,2019-05-30,1928,Terra,MODIS,91,6.3,295.5,78.2,D,0
59.1857,-112.4999,336.4,1.4,1.2,2019-05-30,1928,Terra,MODIS,55,6.3,292.4,43.1,D,0
59.1805,-112.4765,396.6,1.4,1.2,2019-05-30,1928,Terra,MODIS,100,6.3,295.6,385.4,D,0
59.1753,-112.453,345.5,1.5,1.2,2019-05-30,1928,Terra,MODIS,72,6.3,286.7,77.8,D,0
59.1911,-112.5781,374.5,1.4,1.2,2019-05-30,1928,Terra,MODIS,75,6.3,290.7,208.4,D,0
59.186,-112.5549,378,1.4,1.2,2019-05-30,1928,Terra,MODIS,75,6.3,294.2,226.5,D,0
59.1809,-112.5315,443.5,1.4,1.2,2019-05-30,1928,Terra,MODIS,75,6.3,315.2,1064.7,D,0
59.1758,-112.5081,386.2,1.4,1.2,2019-05-30,1928,Terra,MODIS,75,6.3,302.2,293.8,D,0
59.1706,-112.4847,376.3,1.4,1.2,2019-05-30,1928,Terra,MODIS,87,6.3,294.1,226.8,D,0
59.0913,-112.1278,310.9,1.5,1.2,2019-05-30,1928,Terra,MODIS,38,6.3,283,16.7,D,0
59.1555,-112.4695,359.8,1.5,1.2,2019-05-30,1928,Terra,MODIS,0,6.3,287.1,142.9,D,0
59.0936,-112.1364,329.4,1.4,1.2,2019-05-30,1940,Aqua,MODIS,71,6.3,288.3,38.6,D,0
59.1499,-112.0276,320.9,1.3,1.1,2019-05-30,1940,Aqua,MODIS,74,6.3,294.7,22.3,D,0
59.1527,-112.3177,320,1.4,1.2,2019-05-30,1940,Aqua,MODIS,60,6.3,288.2,23.6,D,0
59.148,-112.3399,319.3,1.4,1.2,2019-05-30,1940,Aqua,MODIS,49,6.3,287.9,22.9,D,0
59.1624,-112.3255,334.3,1.4,1.2,2019-05-30,1940,Aqua,MODIS,77,6.3,290.9,47.1,D,0
59.1632,-112.4833,370.8,1.4,1.2,2019-05-30,1940,Aqua,MODIS,0,6.3,286.5,182.2,D,0
59.1823,-112.4462,322.9,1.4,1.2,2019-05-30,1940,Aqua,MODIS,37,6.3,286.7,24,D,0
59.1776,-112.4687,419,1.4,1.2,2019-05-30,1940,Aqua,MODIS,100,6.3,300.6,611.7,D,0
59.1729,-112.4912,380.7,1.4,1.2,2019-05-30,1940,Aqua,MODIS,82,6.3,293.8,241.7,D,0
59.1586,-112.5589,310.5,1.4,1.2,2019-05-30,1940,Aqua,MODIS,0,6.3,279.2,11.1,D,0
59.1873,-112.4766,362.7,1.4,1.2,2019-05-30,1940,Aqua,MODIS,100,6.3,295,137.3,D,0
59.1826,-112.4991,347.2,1.4,1.2,2019-05-30,1940,Aqua,MODIS,70,6.3,291.3,78.4,D,0
59.1779,-112.5216,395.8,1.4,1.2,2019-05-30,1940,Aqua,MODIS,0,6.3,300.9,357.2,D,0
59.1828,-112.4799,370.1,1.4,1.2,2019-05-30,1940,Aqua,MODIS,100,6.3,300.2,169.2,D,0
59.178,-112.5023,342.1,1.4,1.2,2019-05-30,1940,Aqua,MODIS,59,6.3,293.2,61.6,D,0
59.1829,-112.5327,388.3,1.4,1.2,2019-05-30,1940,Aqua,MODIS,0,6.3,299.2,293.3,D,0
59.1684,-112.6004,306.4,1.4,1.2,2019-05-30,1940,Aqua,MODIS,29,6.3,281.1,6.6,D,0
59.1926,-112.5406,335.4,1.4,1.2,2019-05-30,1940,Aqua,MODIS,66,6.3,293.7,45,D,0
59.1975,-112.5711,339,1.4,1.2,2019-05-30,1940,Aqua,MODIS,39,6.3,288.7,56.5,D,0
59.1927,-112.5937,328.6,1.4,1.2,2019-05-30,1940,Aqua,MODIS,0,6.3,285.9,36.4,D,0
59.2266,-112.5418,323.3,1.4,1.2,2019-05-30,1940,Aqua,MODIS,62,6.3,288.3,24.5,D,0
59.3513,-112.4124,315.8,1.4,1.2,2019-05-30,1940,Aqua,MODIS,54,6.3,286.2,20.4,D,0
59.1762,-112.4597,372.3,3.4,1.7,2019-05-30,2118,Aqua,MODIS,65,6.3,289,696.3,D,0
59.2059,-112.5816,357.9,3.4,1.7,2019-05-30,2118,Aqua,MODIS,86,6.3,293.1,441.8,D,0
59.1711,-112.4681,362.7,3.4,1.7,2019-05-30,2118,Aqua,MODIS,87,6.3,287,511.1,D,0
59.1869,-112.4688,353.6,3.4,1.7,2019-05-30,2118,Aqua,MODIS,92,6.3,291.4,381,D,0
59.1863,-112.5294,357.7,3.4,1.7,2019-05-30,2118,Aqua,MODIS,75,6.3,292.3,437.4,D,0
59.2013,-112.5902,357.8,3.4,1.7,2019-05-30,2118,Aqua,MODIS,86,6.3,293.1,444.7,D,0
59.2906,-112.4165,313.1,3.4,1.7,2019-05-30,2118,Aqua,MODIS,33,6.3,291.9,44.5,D,0
59.093,-112.1304,301.8,1,1,2019-05-31,0505,Terra,MODIS,26,6.3,275,8.5,N,0
59.1572,-112.3372,319.5,1,1,2019-05-31,0505,Terra,MODIS,45,6.3,277.8,19.6,N,0
59.1673,-112.33,300.4,1,1,2019-05-31,0505,Terra,MODIS,14,6.3,276.7,7.6,N,0
59.1649,-112.347,309.1,1,1,2019-05-31,0505,Terra,MODIS,43,6.3,277.9,12.5,N,0
59.1477,-112.4658,312.2,1,1,2019-05-31,0505,Terra,MODIS,55,6.3,276,14.5,N,0
59.1564,-112.4707,336.3,1,1,2019-05-31,0505,Terra,MODIS,92,6.3,278.5,39.9,N,0
59.1651,-112.4755,331.8,1,1,2019-05-31,0505,Terra,MODIS,44,6.3,280.2,32,N,0
59.1738,-112.4804,351.8,1,1,2019-05-31,0505,Terra,MODIS,100,6.3,281.9,66.1,N,0
59.1713,-112.4974,331.8,1,1,2019-05-31,0505,Terra,MODIS,96,6.3,279.4,29.7,N,0
59.18,-112.5022,315.5,1,1,2019-05-31,0505,Terra,MODIS,29,6.3,277.3,12.6,N,0
59.1838,-112.5411,446.3,1,1,2019-05-31,0505,Terra,MODIS,100,6.3,305.9,664.2,N,0
59.1925,-112.5459,391.7,1,1,2019-05-31,0505,Terra,MODIS,100,6.3,281.4,207,N,0
59.19,-112.5629,402.8,1,1,2019-05-31,0505,Terra,MODIS,100,6.3,286.2,270.7,N,0
59.1876,-112.5799,366.3,1,1,2019-05-31,0505,Terra,MODIS,100,6.3,287.2,105.6,N,0
59.1987,-112.5678,323.4,1,1,2019-05-31,0505,Terra,MODIS,100,6.3,279.6,21,N,0
59.1963,-112.5848,500,1,1,2019-05-31,0505,Terra,MODIS,100,6.3,332.9,1606.8,N,0
59.1938,-112.6017,444.9,1,1,2019-05-31,0505,Terra,MODIS,100,6.3,295.9,649.9,N,0
59.1913,-112.6187,310.4,1,1,2019-05-31,0505,Terra,MODIS,28,6.3,276.7,11.9,N,0
59.2099,-112.5557,304.2,1,1,2019-05-31,0505,Terra,MODIS,37,6.3,277.9,6.4,N,0
59.2074,-112.5727,371.2,1,1,2019-05-31,0505,Terra,MODIS,100,6.3,284,121,N,0
59.205,-112.5897,389.7,1,1,2019-05-31,0505,Terra,MODIS,100,6.3,284.8,197.2,N,0
59.2025,-112.6066,322.7,1,1,2019-05-31,0505,Terra,MODIS,100,6.3,277.6,22.9,N,0
59.2186,-112.5606,367.9,1,1,2019-05-31,0505,Terra,MODIS,100,6.3,283.6,109.6,N,0
59.2161,-112.5776,387.4,1,1,2019-05-31,0505,Terra,MODIS,100,6.3,285.6,187.4,N,0
59.2288,-112.5544,361.6,1,1,2019-05-31,0505,Terra,MODIS,100,6.3,284.8,92.1,N,0
59.2263,-112.5714,388.5,1,1,2019-05-31,0505,Terra,MODIS,100,6.3,290.7,193,N,0
59.2375,-112.5592,343.1,1,1,2019-05-31,0505,Terra,MODIS,100,6.3,283.2,51.4,N,0
59.235,-112.5763,318.2,1,1,2019-05-31,0505,Terra,MODIS,54,6.3,281.2,18.5,N,0
59.2487,-112.5471,303.9,1,1,2019-05-31,0505,Terra,MODIS,33,6.3,275.2,9.2,N,0
59.2462,-112.5641,342.7,1,1,2019-05-31,0505,Terra,MODIS,100,6.3,279.5,51.3,N,0
59.2437,-112.5811,402.5,1,1,2019-05-31,0505,Terra,MODIS,100,6.3,288.4,271.7,N,0
59.2413,-112.5981,311.3,1,1,2019-05-31,0505,Terra,MODIS,82,6.3,276,14.7,N,0
59.2943,-112.2964,306.4,1,1,2019-05-31,0505,Terra,MODIS,68,6.3,273.8,12.4,N,0
59.3019,-112.3744,300.3,1,1,2019-05-31,0505,Terra,MODIS,3,6.3,275,7.4,N,0
59.3095,-112.4523,309.9,1,1,2019-05-31,0505,Terra,MODIS,59,6.3,276,13.5,N,0
59.307,-112.4694,304.1,1,1,2019-05-31,0505,Terra,MODIS,26,6.3,276.5,9.7,N,0
59.3157,-112.4743,303.8,1,1,2019-05-31,0505,Terra,MODIS,13,6.3,274.4,9.2,N,0
59.3059,-112.5424,312.1,1,1,2019-05-31,0505,Terra,MODIS,84,6.3,273.4,15.8,N,0
59.3466,-112.3255,305.3,1,1,2019-05-31,0505,Terra,MODIS,47,6.3,271.7,10.8,N,0
59.3556,-112.3915,317.2,1,1,2019-05-31,0505,Terra,MODIS,95,6.3,275.5,20.3,N,0
59.3532,-112.4086,301.4,1,1,2019-05-31,0505,Terra,MODIS,41,6.3,274.2,9,N,0
59.1761,-112.4939,312,2.4,1.5,2019-05-31,0907,Aqua,MODIS,14,6.3,274.1,49.7,N,0
59.2423,-112.5648,306.8,2.4,1.5,2019-05-31,0907,Aqua,MODIS,60,6.3,274.3,44.2,N,0
59.2472,-112.5682,303.8,2.4,1.5,2019-05-31,0907,Aqua,MODIS,57,6.3,273.6,38.9,N,0
59.1931,-112.5765,335.2,2.4,1.5,2019-05-31,0907,Aqua,MODIS,100,6.3,278.6,144,N,0
59.1913,-112.534,329.1,2.4,1.5,2019-05-31,0907,Aqua,MODIS,37,6.3,277.7,105.8,N,0
59.1743,-112.4519,309,2.4,1.5,2019-05-31,0907,Aqua,MODIS,41,6.3,273.5,44.6,N,0
59.1541,-112.4637,312.8,2.4,1.5,2019-05-31,0907,Aqua,MODIS,54,6.3,275.2,55.8,N,0
59.196,-112.5703,326.7,1.8,1.3,2019-05-31,1045,Aqua,MODIS,100,6.3,277.3,70.9,N,0
59.2033,-112.5994,319.6,1.8,1.3,2019-05-31,1045,Aqua,MODIS,99,6.3,273.8,53.8,N,0
59.1668,-112.4526,301.5,1.9,1.3,2019-05-31,1045,Aqua,MODIS,19,6.3,273,20.3,N,0
59.1742,-112.4821,321.3,1.9,1.3,2019-05-31,1045,Aqua,MODIS,100,6.3,274.9,56.7,N,0
59.1888,-112.541,321.8,1.9,1.3,2019-05-31,1045,Aqua,MODIS,100,6.3,277,57.1,N,0
59.1682,-112.4548,329.3,1.2,1.1,2019-05-31,1833,Terra,MODIS,64,6.3,286.6,33.6,D,0
59.1588,-112.4644,318.8,1.2,1.1,2019-05-31,1833,Terra,MODIS,28,6.3,286.8,19.9,D,0
59.149,-112.4682,356.2,1.2,1.1,2019-05-31,1833,Terra,MODIS,0,6.3,291.8,98.6,D,0
59.1933,-112.6012,378.9,1.2,1.1,2019-05-31,1833,Terra,MODIS,57,6.3,293.2,199.9,D,0
59.1954,-112.6229,338,1.2,1.1,2019-05-31,1833,Terra,MODIS,52,6.3,285.9,51.2,D,0
59.1632,-112.0198,323.5,1.2,1.1,2019-05-31,1833,Terra,MODIS,72,6.3,291.1,20.4,D,0
59.2184,-112.547,353.9,1.2,1.1,2019-05-31,1833,Terra,MODIS,97,6.3,290.5,88.9,D,0
59.3272,-112.3142,322.3,1.2,1.1,2019-05-31,1833,Terra,MODIS,29,6.3,288.9,19.7,D,0
59.2206,-112.5685,414.8,1.2,1.1,2019-05-31,1833,Terra,MODIS,100,6.3,297,480.1,D,0
59.1911,-112.5797,325.8,1.2,1.1,2019-05-31,1833,Terra,MODIS,38,6.3,288.2,26.3,D,0
59.2305,-112.5647,324.9,1.2,1.1,2019-05-31,1833,Terra,MODIS,62,6.3,287.8,25.2,D,0
59.1889,-112.5582,313.6,1.2,1.1,2019-05-31,1833,Terra,MODIS,16,6.3,287.7,10.7,D,0
59.1867,-112.5367,311.9,1.2,1.1,2019-05-31,1833,Terra,MODIS,59,6.3,287.9,10.4,D,0
59.1627,-112.3026,307.6,1.2,1.1,2019-05-31,1833,Terra,MODIS,41,6.3,288.2,6.5,D,0
59.1725,-112.4976,333.8,1.2,1.1,2019-05-31,1833,Terra,MODIS,54,6.3,287.5,38.2,D,0
59.1703,-112.4762,350,1.2,1.1,2019-05-31,1833,Terra,MODIS,91,6.3,289.2,79.5,D,0
59.2038,-112.6012,323.8,4.2,1.9,2019-05-31,1845,Aqua,MODIS,42,6.3,280.7,163.4,D,0
59.2063,-112.6063,319.8,4.2,1.9,2019-05-31,1845,Aqua,MODIS,45,6.3,280.1,132.5,D,0
59.1417,-112.2645,306.2,3.6,1.8,2019-05-31,2010,Terra,MODIS,42,6.3,285.2,38.8,D,0
59.2031,-112.6252,345,3.4,1.7,2019-05-31,2010,Terra,MODIS,62,6.3,287.6,303.6,D,0
59.1534,-112.32,302.5,3.5,1.8,2019-05-31,2010,Terra,MODIS,39,6.3,284.8,27,D,0
59.136,-112.2678,304.3,3.6,1.8,2019-05-31,2010,Terra,MODIS,33,6.3,284.7,31.5,D,0
59.183,-112.5062,306.5,3.5,1.8,2019-05-31,2010,Terra,MODIS,24,6.3,283.8,36.4,D,0
59.2205,-112.5731,368.4,1.1,1,2019-05-31,2023,Aqua,MODIS,100,6.3,293.8,116.6,D,0
59.0952,-112.1515,321,1.1,1,2019-05-31,2023,Aqua,MODIS,65,6.3,290.3,18.5,D,0
59.111,-112.0995,316.7,1.1,1,2019-05-31,2023,Aqua,MODIS,45,6.3,291.4,11.3,D,0
59.1519,-111.999,319.3,1.1,1,2019-05-31,2023,Aqua,MODIS,46,6.3,294.7,12.5,D,0
59.1497,-112.0179,327.8,1.1,1,2019-05-31,2023,Aqua,MODIS,80,6.3,296.1,22.4,D,0
59.1567,-112.0081,335.9,1.1,1,2019-05-31,2023,Aqua,MODIS,88,6.3,295.2,35.9,D,0
59.1545,-112.027,327.2,1.1,1,2019-05-31,2023,Aqua,MODIS,65,6.3,296.6,22.2,D,0
59.1659,-112.0122,324.4,1.1,1,2019-05-31,2023,Aqua,MODIS,82,6.3,296.5,20.6,D,0
59.1638,-112.0311,320.2,1.1,1,2019-05-31,2023,Aqua,MODIS,74,6.3,296.4,15,D,0
59.1422,-112.2976,329.1,1.1,1,2019-05-31,2023,Aqua,MODIS,76,6.3,288.2,26.9,D,0
59.1627,-112.2873,310.1,1.1,1,2019-05-31,2023,Aqua,MODIS,66,6.3,290,7,D,0
59.1605,-112.3059,310.6,1.1,1,2019-05-31,2023,Aqua,MODIS,52,6.3,290.4,7.3,D,0
59.2187,-111.9759,325.1,1.1,1,2019-05-31,2023,Aqua,MODIS,62,6.3,293.8,21.9,D,0
59.1702,-112.4667,361.9,1.1,1,2019-05-31,2023,Aqua,MODIS,100,6.3,291,96.6,D,0
59.168,-112.4851,328.5,1.1,1,2019-05-31,2023,Aqua,MODIS,48,6.3,289.6,24.2,D,0
59.1771,-112.4893,314.6,1.1,1,2019-05-31,2023,Aqua,MODIS,33,6.3,287.9,10,D,0
59.2175,-112.3568,312.1,1.1,1,2019-05-31,2023,Aqua,MODIS,69,6.3,290.4,9,D,0
59.2153,-112.3754,309.2,1.1,1,2019-05-31,2023,Aqua,MODIS,54,6.3,289.1,6.7,D,0
59.1979,-112.6015,341.6,1.1,1,2019-05-31,2023,Aqua,MODIS,76,6.3,289.3,45.1,D,0
59.1957,-112.6199,356,1.1,1,2019-05-31,2023,Aqua,MODIS,0,6.3,294.3,79.2,D,0
59.3553,-112.3876,325.3,1.1,1,2019-05-31,2023,Aqua,MODIS,81,6.3,287.8,23.8,D,0
59.3531,-112.4063,320.1,1.1,1,2019-05-31,2023,Aqua,MODIS,70,6.3,288.2,18.1,D,0
59.3712,-112.3355,324.5,1.1,1,2019-05-31,2023,Aqua,MODIS,71,6.3,292.1,22.5,D,0
59.3682,-112.4233,326.5,2.2,1.4,2019-06-01,0410,Terra,MODIS,100,6.3,269.4,91.7,N,0
59.3591,-112.4071,328.5,2.2,1.4,2019-06-01,0410,Terra,MODIS,50,6.3,270.4,91.3,N,0
59.3706,-112.4191,314.8,2.2,1.4,2019-06-01,0410,Terra,MODIS,28,6.3,268.7,49.4,N,0
59.3567,-112.4114,321.9,2.2,1.4,2019-06-01,0410,Terra,MODIS,100,6.3,270,74.6,N,0
59.1573,-112.4611,306.4,1.9,1.3,2019-06-01,0548,Terra,MODIS,62,6.3,277.3,26.5,N,0
59.2277,-112.5854,316.2,1.9,1.3,2019-06-01,0548,Terra,MODIS,93,6.3,275.9,45.4,N,0
59.1996,-112.6458,306.8,1.9,1.3,2019-06-01,0548,Terra,MODIS,22,6.3,275,25.9,N,0
59.1688,-112.4547,313.7,1,1,2019-06-01,0950,Aqua,MODIS,88,6.3,276.7,16.8,N,0
59.2017,-112.6574,354,1.2,1.1,2019-06-01,1915,Terra,MODIS,80,6.3,283.6,82.3,D,0
59.2054,-112.6766,353.1,1.2,1.1,2019-06-01,1915,Terra,MODIS,92,6.3,283.1,81.9,D,0
59.1981,-112.6382,369.1,1.2,1.1,2019-06-01,1915,Terra,MODIS,65,6.3,286,132.8,D,0
59.2145,-112.67,325.9,1.2,1.1,2019-06-01,1915,Terra,MODIS,64,6.3,282.8,26.7,D,0
59.3129,-112.5402,326.3,2.5,1.5,2019-06-01,2106,Aqua,MODIS,60,6.3,271.2,102.7,D,0
59.3085,-112.5359,332.4,2.5,1.5,2019-06-01,2106,Aqua,MODIS,64,6.3,271,133.2,D,0
59.1652,-112.2756,346.6,2.4,1.5,2019-06-11,1952,Terra,MODIS,94,6.3,299.1,182.2,D,0
59.1532,-112.2883,376.8,2.4,1.5,2019-06-11,1952,Terra,MODIS,100,6.3,297.9,499,D,0
59.1489,-112.4382,327.7,2.4,1.5,2019-06-11,1952,Terra,MODIS,57,6.3,296.6,75.1,D,0
59.1637,-112.3259,317.6,2.4,1.5,2019-06-11,1952,Terra,MODIS,68,6.3,297.5,40,D,0
59.1593,-112.4752,322.7,2.4,1.5,2019-06-11,1952,Terra,MODIS,0,6.3,302.4,51.6,D,0
59.1502,-112.471,333.7,1,1,2019-06-11,2004,Aqua,MODIS,0,6.3,307.3,24.8,D,0
59.1569,-112.3074,314.5,1,1,2019-06-11,2004,Aqua,MODIS,38,6.3,301.5,5.7,D,0
59.1596,-112.2905,376.2,1,1,2019-06-11,2004,Aqua,MODIS,100,6.3,305.3,132.8,D,0
59.1529,-112.454,375.3,1,1,2019-06-11,2004,Aqua,MODIS,94,6.3,305.2,129.4,D,0
59.1539,-112.448,303.8,1.3,1.1,2019-06-12,0529,Terra,MODIS,57,6.3,286.7,10.6,N,0
59.1482,-112.4442,321.5,1.1,1.1,2019-06-13,1952,Aqua,MODIS,59,6.3,298.7,17.1,D,0
